"p","U:0","U:1","U:2","cellID","vtkValidPointMask","arc_length","Points:0","Points:1","Points:2"
2.10558486,6.016909708e-18,3,-6.06845974e-35,8778,1,0,22.5,-36.53850174,0
2.103684664,2.512317224e-05,3.000743151,-4.995142983e-22,8778,1,0.06894776225,22.50749969,-36.46996307,0
2.101784706,5.396044344e-06,3.001489639,-1.038400859e-21,8778,1,0.1378955245,22.51499939,-36.40142441,0
2.099884987,-5.910728578e-05,3.002239466,-1.616594452e-21,8778,1,0.2068432868,22.52249908,-36.33288574,0
2.097985506,-0.0001683370647,3.002992868,-2.23405166e-21,8778,1,0.2757912576,22.53000069,-36.26434708,0
2.096086502,-0.0003221772204,3.003749609,-2.890670296e-21,8778,1,0.3447390199,22.53750038,-36.19580841,0
2.094264507,-0.0005217129947,3.004501581,-3.778853459e-21,2194,1,0.4136867821,22.54500008,-36.12726974,0
2.090310812,-0.0007978900103,3.005849123,-4.182857679e-21,6594,1,0.4826345444,22.55249977,-36.05873108,0
2.085175991,-0.001126596704,3.007522106,-4.201982192e-21,6594,1,0.5515823364,22.55999947,-35.99019241,0
2.080029726,-0.001490130089,3.009202003,-4.268756832e-21,6594,1,0.6205300689,22.56749916,-35.92165375,0
2.074872017,-0.001888496103,3.010889053,-4.383293882e-21,6594,1,0.6894780397,22.57500076,-35.85311508,0
2.069702864,-0.002321537584,3.012583256,-4.54516925e-21,6594,1,0.7584258318,22.58250046,-35.78457642,0
2.064522505,-0.002789243124,3.014284611,-4.754518646e-21,6594,1,0.8273698092,22.59000015,-35.71604156,0
2.058544636,-0.003268533852,3.016250372,-5.529355851e-21,2184,1,0.8963175416,22.59749985,-35.6475029,0
2.050411701,-0.003713729326,3.018924236,-7.674412894e-21,2184,1,0.9652653337,22.60499954,-35.57896423,0
2.042263508,-0.004184204619,3.02160573,-9.727224759e-21,2184,1,1.034213066,22.61249924,-35.51042557,0
2.034100533,-0.004680002108,3.024294376,-1.168808063e-20,2184,1,1.103161097,22.62000084,-35.4418869,0
2.025922298,-0.005200928543,3.026990175,-1.355679392e-20,2184,1,1.172108769,22.62750053,-35.37334824,0
2.017729044,-0.00574702397,3.029693604,-1.533366512e-20,2184,1,1.241056561,22.63500023,-35.30480957,0
2.009521008,-0.006318251137,3.032404184,-1.701883074e-20,2184,1,1.310004354,22.64249992,-35.2362709,0
1.999362111,-0.006835836452,3.035787821,-1.533527424e-20,6584,1,1.378952146,22.64999962,-35.16773224,0
1.988816381,-0.007351585198,3.039304972,-1.297316388e-20,6584,1,1.447899818,22.65749931,-35.09919357,0
1.978254199,-0.007879619487,3.042827606,-1.056362957e-20,6584,1,1.516847849,22.66500092,-35.03065491,0
1.967675686,-0.008419734426,3.046355724,-8.106505712e-21,6584,1,1.585795641,22.67250061,-34.96211624,0
1.957080722,-0.008972010575,3.049889326,-5.601963165e-21,6584,1,1.654743314,22.68000031,-34.89357758,0
1.946469426,-0.009536433965,3.05342865,-3.050056853e-21,6584,1,1.723691106,22.6875,-34.82503891,0
1.935334206,-0.01006321609,3.057129145,-3.952893139e-22,2174,1,1.792638898,22.69499969,-34.75650024,0
1.923313141,-0.01050969027,3.061102152,2.451115283e-21,2174,1,1.86158669,22.70249939,-34.68796158,0
1.911280751,-0.01095832977,3.065079212,5.416018375e-21,2174,1,1.930534482,22.70999908,-34.61942291,0
1.899237275,-0.01140923426,3.069060087,8.49921617e-21,2174,1,1.999482393,22.71750069,-34.55088425,0
1.887182593,-0.01186219417,3.073045015,1.170062082e-20,2174,1,2.068430185,22.72500038,-34.48234558,0
1.875116706,-0.01231731009,3.077033758,1.502001342e-20,2174,1,2.137377977,22.73250008,-34.41380692,0
1.863039732,-0.0127745783,3.081026554,1.845722351e-20,2174,1,2.206325769,22.73999977,-34.34526825,0
1.850591779,-0.01317512523,3.085112572,1.357713578e-20,6574,1,2.275273561,22.74749947,-34.27672958,0
1.838075876,-0.01356426906,3.089229345,6.983843099e-21,4374,1,2.344221115,22.75499916,-34.20819092,0
1.825548291,-0.01395154744,3.093401909,-1.114515309e-24,4374,1,2.413165331,22.76250076,-34.13965607,0
1.81301403,-0.01433734689,3.097576857,-6.939318325e-21,4374,1,2.482113123,22.77000046,-34.0711174,0
1.800474048,-0.01472177356,3.101754427,-1.383057455e-20,4374,1,2.551060915,22.77750015,-34.00257874,0
1.787928104,-0.01510482933,3.105934143,-2.067494643e-20,4374,1,2.620008707,22.78499985,-33.93404007,0
1.775441289,-0.01547926664,3.110086679,-2.391139559e-20,8747,1,2.688956499,22.79249954,-33.8655014,0
1.763108134,-0.01583533362,3.114170313,-1.816730802e-20,8747,1,2.757904291,22.79999924,-33.79696274,0
1.750776291,-0.0161906369,3.118254185,-1.172806157e-20,8747,1,2.826852083,22.80750084,-33.72842407,0
1.738445878,-0.0165449772,3.122337818,-4.594562192e-21,8747,1,2.895799875,22.81500053,-33.65988541,0
1.726116657,-0.01689845324,3.12642169,3.232312449e-21,8747,1,2.964747667,22.82250023,-33.59134674,0
1.713788867,-0.01725106873,3.130505562,1.17517073e-20,8747,1,3.033695459,22.82999992,-33.52280807,0
1.701462388,-0.01760282367,3.134589434,2.096276813e-20,8747,1,3.102643251,22.83749962,-33.45426941,0
1.689433336,-0.01795257069,3.138557911,2.594662018e-20,4364,1,3.171591043,22.84499931,-33.38573074,0
1.677536488,-0.01830138266,3.142475367,2.824471856e-20,4364,1,3.240539074,22.85250092,-33.31719208,0
1.665640593,-0.01864963025,3.146393061,2.981820026e-20,4364,1,3.309486628,22.86000061,-33.24865341,0
1.653745651,-0.01899741404,3.150310993,3.066853224e-20,4364,1,3.37843442,22.86750031,-33.18011475,0
1.641851783,-0.01934473403,3.154228926,3.079674846e-20,4364,1,3.447382212,22.875,-33.11157608,0
1.629958987,-0.01969159208,3.158146858,3.020387322e-20,4364,1,3.516330004,22.88249969,-33.04303741,0
1.618084908,-0.02003580146,3.162058353,2.850653091e-20,8737,1,3.585277796,22.88999939,-32.97449875,0
1.606572866,-0.02033465728,3.165832996,1.84303256e-20,8737,1,3.654225588,22.89749908,-32.90596008,0
1.595059156,-0.02063191496,3.169608593,7.859613302e-21,8737,1,3.723173618,22.90500069,-32.83742142,0
1.583544016,-0.02092737332,3.173385143,-3.204566961e-21,8737,1,3.792121172,22.91250038,-32.76888275,0
1.572027326,-0.02122113854,3.177162647,-1.476164872e-20,8737,1,3.861068964,22.92000008,-32.70034409,0
1.560508966,-0.02151321247,3.180941105,-2.681093183e-20,8737,1,3.930016756,22.92749977,-32.63180542,0
1.548989177,-0.02180359699,3.184720516,-3.935171531e-20,8737,1,3.998964548,22.93499947,-32.56326675,0
1.537575364,-0.0220716428,3.188457251,-4.471887672e-20,4354,1,4.067908764,22.94249916,-32.4947319,0
1.526353121,-0.0222992599,3.192116499,-3.587454529e-20,4354,1,4.136856556,22.95000076,-32.42619324,0
1.515128255,-0.02252321318,3.195776939,-2.63893686e-20,4354,1,4.205804348,22.95750046,-32.35765457,0
1.503899217,-0.02274336852,3.199444294,-1.615026202e-20,6553,1,4.27475214,22.96500015,-32.28911591,0
1.492646098,-0.02295634709,3.203191519,-4.50689801e-21,6553,1,4.343699932,22.97249985,-32.22057724,0
1.481387615,-0.02316482924,3.206941366,6.398756603e-21,6553,1,4.412647724,22.97999954,-32.15203857,0
1.470123649,-0.02336882241,3.210693836,1.656761826e-20,6553,1,4.481595516,22.98749924,-32.08349991,0
1.459055185,-0.02351596393,3.214373827,1.802201665e-20,2143,1,4.550543308,22.99500084,-32.01496124,0
1.448108673,-0.02362407371,3.218008518,1.452486989e-20,2143,1,4.6194911,23.00250053,-31.94642258,0
1.437159061,-0.02372562513,3.221644878,1.124277555e-20,2143,1,4.688438892,23.01000023,-31.87788391,0
1.426206231,-0.02382062376,3.225282907,8.175511478e-21,2143,1,4.757386684,23.01749992,-31.80934525,0
1.415250182,-0.02390907891,3.228922606,5.322859986e-21,2143,1,4.826334476,23.02499962,-31.74080658,0
1.404291153,-0.02399099432,3.232564211,2.684601955e-21,2143,1,4.895282269,23.03249931,-31.67226791,0
1.393328786,-0.02406647056,3.236207247,2.605425564e-22,2143,1,4.964230061,23.04000092,-31.60372925,0
1.382727265,-0.0240945071,3.239719629,3.205925872e-21,6543,1,5.033177853,23.04750061,-31.53519058,0
1.372203708,-0.02410677448,3.243204594,7.425786151e-21,6543,1,5.102125645,23.05500031,-31.46665192,0
1.361681342,-0.02411185391,3.246690273,1.182680868e-20,6543,1,5.171073437,23.0625,-31.39811325,0
1.351160526,-0.02410976589,3.250176191,1.640864126e-20,6543,1,5.240019321,23.06999969,-31.32957649,0
1.340640783,-0.02410049736,3.253662825,2.117130004e-20,6543,1,5.308967113,23.07749939,-31.26103783,0
1.330122232,-0.02408406883,3.257149935,2.611443444e-20,6543,1,5.377914906,23.08499908,-31.19249916,0
1.319605112,-0.02406057529,3.260637522,3.123793946e-20,6543,1,5.446862698,23.09250069,-31.12396049,0
1.309660435,-0.02398140542,3.263932943,2.689774863e-20,2133,1,5.51581049,23.10000038,-31.05542183,0
1.299728155,-0.02389407903,3.267225027,2.155622821e-20,2133,1,5.584758282,23.10750008,-30.98688316,0
1.289801002,-0.02379920334,3.270516396,1.532805742e-20,2133,1,5.653706074,23.11499977,-30.9183445,0
1.279879093,-0.02369678766,3.27380681,8.214125626e-21,2133,1,5.722653866,23.12249947,-30.84980583,0
1.26996243,-0.02358683944,3.277096272,2.153206317e-22,2133,1,5.791601658,23.12999916,-30.78126717,0
1.260050893,-0.02346944623,3.280385017,-8.667920626e-21,2133,1,5.86054945,23.13750076,-30.7127285,0
1.250212908,-0.02334470116,3.283649921,-1.801096442e-20,6533,1,5.929497242,23.14500046,-30.64418983,0
1.240983963,-0.02321508713,3.286711216,-2.362606675e-20,6533,1,5.998445034,23.15250015,-30.57565117,0
1.231763721,-0.02307883091,3.289770603,-2.852143955e-20,6533,1,6.067390919,23.15999985,-30.50711441,0
1.222551584,-0.02293591388,3.292828321,-3.269801664e-20,6533,1,6.136338711,23.16749954,-30.43857574,0
1.213339567,-0.0227854494,3.295911551,-3.54082933e-20,4333,1,6.205286503,23.17499924,-30.37003708,0
1.204112649,-0.02262605354,3.299072504,-3.533319112e-20,4333,1,6.274234295,23.18250084,-30.30149841,0
1.194895744,-0.02246040292,3.302230358,-3.473522678e-20,4333,1,6.343182087,23.19000053,-30.23295975,0
1.185802221,-0.02228638157,3.305348158,-3.343412983e-20,8706,1,6.412129879,23.19750023,-30.16442108,0
1.177291274,-0.02209522761,3.308274508,-3.144327735e-20,8706,1,6.481077671,23.20499992,-30.09588242,0
1.168791294,-0.02189811319,3.311195612,-3.020093285e-20,8706,1,6.550025463,23.21249962,-30.02734375,0
1.160302639,-0.02169504389,3.314111471,-2.970616575e-20,8706,1,6.618973255,23.21999931,-29.95880508,0
1.151824832,-0.02148609795,3.317022324,-2.995770621e-20,8706,1,6.687921047,23.22750092,-29.89026642,0
1.143358231,-0.02127113938,3.319928169,-3.095539589e-20,8706,1,6.756868839,23.23500061,-29.82172775,0
1.134902954,-0.0210502632,3.32282877,-3.269780338e-20,8706,1,6.825814724,23.24250031,-29.75319099,0
1.126572132,-0.02082898468,3.32568717,-3.381669117e-20,4323,1,6.894762516,23.25,-29.68465233,0
1.118772745,-0.02062797174,3.328371525,-2.897318356e-20,4323,1,6.963710308,23.25749969,-29.61611366,0
1.110984087,-0.02042243071,3.33105135,-2.412462401e-20,4323,1,7.0326581,23.26499939,-29.547575,0
1.103205919,-0.02021236345,3.333726406,-1.927101737e-20,4323,1,7.101605892,23.27249908,-29.47903633,0
1.095438361,-0.01999784075,3.336396933,-1.441240725e-20,4323,1,7.170553684,23.28000069,-29.41049767,0
1.087681532,-0.0197787378,3.339062929,-9.548726614e-21,4323,1,7.239501476,23.28750038,-29.341959,0
1.079935312,-0.01955512539,3.341724157,-4.680016654e-21,4323,1,7.308449268,23.29500008,-29.27342033,0
1.072275758,-0.01932547987,3.344354868,2.335787353e-22,8696,1,7.37739706,23.30249977,-29.20488167,0
1.065083385,-0.01908211038,3.346822023,5.385797606e-21,8696,1,7.446344852,23.30999947,-29.136343,0
1.057899833,-0.01883419417,3.34928298,1.053193902e-20,8696,1,7.515292645,23.31749916,-29.06780434,0
1.050725102,-0.0185817983,3.351737738,1.567197068e-20,8696,1,7.584240913,23.32500076,-28.99926567,0
1.043559551,-0.01832482032,3.354186296,2.080582999e-20,8696,1,7.653186321,23.33250046,-28.93072891,0
1.036402583,-0.01806329377,3.356628418,2.593377626e-20,8696,1,7.722134113,23.34000015,-28.86219025,0
1.029254317,-0.01779724285,3.359064102,3.105567215e-20,8696,1,7.791081905,23.34749985,-28.79365158,0
1.022136927,-0.01752840728,3.361486673,3.522280451e-20,4313,1,7.860029697,23.35499954,-28.72511292,0
1.015418172,-0.0172866974,3.363779783,2.215235886e-20,4313,1,7.928977489,23.36249924,-28.65657425,0
1.008705497,-0.01704183035,3.366067886,8.45190047e-21,4313,1,7.997925758,23.37000084,-28.58803558,0
1.001999259,-0.01679369435,3.36835146,-5.878043176e-21,4313,1,8.06687355,23.37750053,-28.51949692,0
0.9952932596,-0.01652806625,3.370496988,-2.003179574e-20,6512,1,8.135821342,23.38500023,-28.45095825,0
0.9885908365,-0.0162520539,3.372558832,-3.373078394e-20,6512,1,8.204769135,23.39249992,-28.38241959,0
0.9818950295,-0.01597301289,3.374603271,-4.725095089e-20,6512,1,8.273716927,23.39999962,-28.31388092,0
0.9752058387,-0.01569094695,3.376630068,-6.059242097e-20,6512,1,8.342664719,23.40749931,-28.24534225,0
0.9687762856,-0.01537257526,3.378530502,-5.83249832e-20,2102,1,8.411612511,23.41500092,-28.17680359,0
0.9623764157,-0.01504810527,3.380401373,-5.47600351e-20,2102,1,8.480558395,23.42250061,-28.10826683,0
0.9559792876,-0.0147210462,3.382254362,-5.152513529e-20,2102,1,8.549506187,23.43000031,-28.03972816,0
0.9495850801,-0.01439141482,3.384089231,-4.862002851e-20,2102,1,8.618453979,23.4375,-27.9711895,0
0.9431937933,-0.01405921578,3.385905981,-4.604434641e-20,2102,1,8.687401772,23.44499969,-27.90265083,0
0.9368054271,-0.01372445095,3.387704611,-4.379772063e-20,2102,1,8.756349564,23.45249939,-27.83411217,0
0.9304199815,-0.01338712312,3.389485359,-4.187978283e-20,2102,1,8.825297356,23.45999908,-27.7655735,0
0.9241493344,-0.0130553646,3.391215801,-3.659906503e-20,6502,1,8.894245148,23.46750069,-27.69703484,0
0.9179263711,-0.01272520144,3.39291501,-2.934684625e-20,6502,1,8.96319294,23.47500038,-27.62849617,0
0.911701858,-0.01239331625,3.394598007,-2.159461618e-20,6502,1,9.032140732,23.48250008,-27.5599575,0
0.9054759145,-0.01205970999,3.396264315,-1.334272378e-20,6502,1,9.101088524,23.48999977,-27.49141884,0
0.8992485404,-0.01172438264,3.397914171,-4.5915261e-21,6502,1,9.170036316,23.49749947,-27.42288017,0
0.893019855,-0.01138735097,3.399547338,4.658356073e-21,6502,1,9.238982201,23.50499916,-27.35434341,0
0.8867894411,-0.01104863454,3.401164293,1.440712913e-20,6502,1,9.307929993,23.51250076,-27.28580475,0
0.8805741072,-0.01067316625,3.402739763,1.798876464e-20,2092,1,9.376877785,23.52000046,-27.21726608,0
0.8743755221,-0.01025007386,3.404266834,1.28251244e-20,2092,1,9.445825577,23.52750015,-27.14872742,0
0.8681708574,-0.009825073183,3.405777454,7.428165103e-21,2092,1,9.514773369,23.53499985,-27.08018875,0
0.8619600534,-0.009398165159,3.407271624,1.798146461e-21,2092,1,9.583721161,23.54249954,-27.01165009,0
0.8557432294,-0.008969352581,3.40874958,-4.064675461e-21,2092,1,9.652668953,23.54999924,-26.94311142,0
0.8495202065,-0.008538684808,3.410211086,-1.015982245e-20,2092,1,9.721616745,23.55750084,-26.87457275,0
0.843291223,-0.008106069639,3.41165638,-1.648750776e-20,2092,1,9.790564537,23.56500053,-26.80603409,0
0.8370463848,-0.007668114267,3.413090467,-2.118995684e-20,6492,1,9.859512329,23.57250023,-26.73749542,0
0.8307142258,-0.007201223634,3.414548635,-1.125678592e-20,6492,1,9.928460121,23.57999992,-26.66895676,0
0.8243603706,-0.006710106041,3.41492939,-1.843512753e-21,4292,1,9.997407913,23.58749962,-26.60041809,0
0.8179870844,-0.006203612313,3.414586306,6.645767355e-21,4292,1,10.0663538,23.59499931,-26.53188133,0
0.811599791,-0.005696584005,3.414195061,1.436876055e-20,4292,1,10.13530159,23.60250092,-26.46334267,0
0.805198729,-0.00518896617,3.413756132,2.132695701e-20,4292,1,10.20424938,23.61000061,-26.394804,0
0.798783958,-0.004680795595,3.413269043,2.752056717e-20,4292,1,10.27319717,23.61750031,-26.32626534,0
0.7923553586,-0.004172073677,3.41273427,3.295030026e-20,4292,1,10.34214497,23.625,-26.25772667,0
0.7857574224,-0.003549825167,3.412154913,3.642639431e-20,8665,1,10.41109276,23.63249969,-26.189188,0
0.7790837288,-0.002885078778,3.411533117,4.015019017e-20,8665,1,10.48004055,23.63999939,-26.12064934,0
0.7723901868,-0.002218980109,3.410868168,4.477855327e-20,8665,1,10.54898834,23.64749908,-26.05211067,0
0.7656767964,-0.001551570604,3.410159349,5.031001343e-20,8665,1,10.61793613,23.65500069,-25.98357201,0
0.7589437962,-0.0008827721467,3.409407616,5.674450601e-20,8665,1,10.68688393,23.66250038,-25.91503334,0
0.7521910071,-0.0002126261534,3.408612967,6.408046067e-20,8665,1,10.75583172,23.67000008,-25.84649467,0
0.7454187274,0.0004588428128,3.407775402,7.231658817e-20,8665,1,10.8247776,23.67749977,-25.77795792,0
0.7385302782,0.001153997262,3.406953335,7.418373515e-20,4282,1,10.8937254,23.68499947,-25.70941925,0
0.7313845158,0.001901584095,3.406234026,5.905532552e-20,4282,1,10.96267319,23.69249916,-25.64088058,0
0.7242109179,0.002646207344,3.405477285,4.427376307e-20,4282,1,11.03162098,23.70000076,-25.57234192,0
0.7170096636,0.003387953155,3.404684067,2.983746129e-20,4282,1,11.10056877,23.70750046,-25.50380325,0
0.7097806334,0.004126782529,3.403854132,1.574670451e-20,4282,1,11.16951656,23.71500015,-25.43526459,0
0.7025239468,0.004862698726,3.402987242,2.001169622e-21,4282,1,11.23846436,23.72249985,-25.36672592,0
0.6952396631,0.005595704075,3.402083635,-1.139946488e-20,4282,1,11.30741215,23.72999954,-25.29818726,0
0.6879276633,0.006325801369,3.401143312,-2.445552372e-20,4282,1,11.37635994,23.73749924,-25.22964859,0
0.6801839471,0.007282289211,3.400248528,-2.610508504e-20,8655,1,11.44530773,23.74500084,-25.16110992,0
0.6722992659,0.008296882734,3.399346352,-2.588097726e-20,8655,1,11.51425552,23.75250053,-25.09257126,0
0.6643767953,0.009310561232,3.398415804,-2.678706314e-20,8655,1,11.58320332,23.76000023,-25.02403259,0
0.6564166546,0.01032329258,3.397456646,-2.882220372e-20,8655,1,11.6521492,23.76749992,-24.95549583,0
0.6484185457,0.01133514382,3.396469593,-3.19854587e-20,8655,1,11.72109699,23.77499962,-24.88695717,0
0.6403827071,0.01234608237,3.39545393,-3.627570203e-20,8655,1,11.79004478,23.78249931,-24.8184185,0
0.6322987676,0.01343343873,3.388859034,-3.934364384e-20,2071,1,11.85899258,23.79000092,-24.74987984,0
0.6240125895,0.01454924047,3.38152647,-3.854994789e-20,6471,1,11.92794037,23.79750061,-24.68134117,0
0.6151301861,0.01572555117,3.374497175,-2.707388156e-20,6471,1,11.99688816,23.80500031,-24.61280251,0
0.6061937809,0.01688955911,3.367436886,-1.588229428e-20,6471,1,12.06583595,23.8125,-24.54426384,0
0.5972033739,0.0180412773,3.360345602,-4.974955817e-21,6471,1,12.13478374,23.81999969,-24.47572517,0
0.5881590247,0.01918071508,3.353223324,5.648362827e-21,6471,1,12.20373154,23.82749939,-24.40718651,0
0.5790607929,0.02030787989,3.346070051,1.598789067e-20,6471,1,12.27267933,23.83499908,-24.33864784,0
0.5699086189,0.0214227438,3.338883638,2.604360387e-20,6471,1,12.34162712,23.84250069,-24.27010918,0
0.5607026815,0.0225253962,3.331668615,3.581620967e-20,6471,1,12.41057491,23.85000038,-24.20157051,0
0.5508542061,0.02390766144,3.324641466,3.948462643e-20,2061,1,12.4795208,23.85750008,-24.13303375,0
0.5405154228,0.02549562044,3.317766905,3.852381092e-20,2061,1,12.54846859,23.86499977,-24.06449509,0
0.5301086903,0.02708060481,3.310894012,3.709395814e-20,2061,1,12.61741638,23.87249947,-23.99595642,0
0.5196340084,0.02866261452,3.304022789,3.519546231e-20,2061,1,12.68636417,23.87999916,-23.92741776,0
0.5090913773,0.03024159744,3.297150612,3.282844945e-20,2061,1,12.75531197,23.88750076,-23.85887909,0
0.4984810352,0.03181766719,3.290282249,2.999380812e-20,2061,1,12.82425976,23.89500046,-23.79034042,0
0.4878029525,0.03339077532,3.283415556,2.669171927e-20,2061,1,12.89320755,23.90250015,-23.72180176,0
0.4770571887,0.03496091813,3.276550293,2.292258357e-20,2061,1,12.96215534,23.90999985,-23.65326309,0
0.465146333,0.03660950065,3.270535946,1.820416602e-20,6461,1,13.03110313,23.91749954,-23.58472443,0
0.4529862702,0.03825259581,3.264685631,1.383228869e-20,6461,1,13.10005093,23.92499924,-23.51618576,0
0.4407448769,0.03987654671,3.258868694,9.943992123e-21,6461,1,13.16899872,23.93250084,-23.44764709,0
0.4284229279,0.0414814502,3.253089666,6.539508169e-21,6461,1,13.2379446,23.94000053,-23.37911034,0
0.4160196483,0.04306736216,3.247346401,3.617979755e-21,6461,1,13.3068924,23.94750023,-23.31057167,0
0.4035354257,0.04463424534,3.24163866,1.179076392e-21,6461,1,13.37584019,23.95499992,-23.242033,0
0.3909703195,0.04618211463,3.235966444,-7.776070787e-22,6461,1,13.44478798,23.96249962,-23.17349434,0
0.3781739473,0.04776479676,3.230391026,-2.178022493e-21,2051,1,13.51373577,23.96999931,-23.10495567,0
0.3636332154,0.04992881045,3.225533485,-2.350073839e-21,2051,1,13.58268356,23.97750092,-23.03641701,0
0.3489645123,0.05186243355,3.209761858,-2.899914686e-21,8634,1,13.65163136,23.98500061,-22.96787834,0
0.3341737688,0.05374174938,3.192596436,-3.29244541e-21,8634,1,13.72057915,23.99250031,-22.89933968,0
0.3192639649,0.05559719726,3.175568581,-3.432627886e-21,8634,1,13.78952694,24,-22.83080101,0
0.3042351604,0.05742879957,3.158678532,-3.320676987e-21,8634,1,13.85847473,24.00749969,-22.76226234,0
0.2890874743,0.05923657492,3.141925812,-2.956806577e-21,8634,1,13.92742252,24.01499939,-22.69372368,0
0.2738209963,0.06102054566,3.125310659,-2.341232134e-21,8634,1,13.99637032,24.02249908,-22.62518501,0
0.257818073,0.0629548654,3.109958887,-1.601780831e-21,4251,1,14.0653162,24.03000069,-22.55664825,0
0.2396205515,0.06547001004,3.098674059,-1.221633784e-21,4251,1,14.13426399,24.03750038,-22.48810959,0
0.2212745249,0.06799986213,3.087777376,-8.918498392e-22,4251,1,14.20321178,24.04500008,-22.41957092,0
0.2027801424,0.07054439932,3.077268362,-6.123842136e-22,4251,1,14.27215958,24.05249977,-22.35103226,0
0.184137553,0.07310361415,3.067146778,-3.831923528e-22,4251,1,14.34110737,24.05999947,-22.28249359,0
0.1653468758,0.07567748427,3.057412386,-2.042294493e-22,4251,1,14.41005516,24.06749916,-22.21395493,0
0.1464079469,0.07826581597,3.048059225,-7.544268112e-23,4251,1,14.47900295,24.07500076,-22.14541626,0
0.1273214668,0.08086897433,3.039097786,3.190854206e-24,4251,1,14.54795074,24.08250046,-22.07687759,0
0.1044290289,0.08437701315,3.025563717,-3.533936559e-22,8624,1,14.61689854,24.09000015,-22.00833893,0
0.07294467837,0.08990883082,3.000667572,-1.592782011e-21,8624,1,14.68584633,24.09749985,-21.93980026,0
0.04093094915,0.09547826648,2.975178719,-2.836521874e-21,8624,1,14.75479412,24.10499954,-21.8712616,0
0.008388299495,0.1010852903,2.949097872,-4.084609787e-21,8624,1,14.82374191,24.11249924,-21.80272293,0
-0.02468209714,0.1067294106,2.922420502,-5.336964062e-21,8624,1,14.8926878,24.12000084,-21.73418617,0
-0.0582812503,0.1124115139,2.89515686,-6.593736159e-21,8624,1,14.96163559,24.12750053,-21.66564751,0
-0.09240794182,0.1181311086,2.867302895,-7.854844897e-21,8624,1,15.03058338,24.13500023,-21.59710884,0
-0.1270616949,0.1238881499,2.838858604,-9.120285831e-21,8624,1,15.09953117,24.14249992,-21.52857018,0
-0.164410308,0.1313849539,2.811493874,-1.23137321e-20,4241,1,15.16847897,24.14999962,-21.46003151,0
-0.2000971884,0.1389615387,2.809248924,-1.081588896e-20,4241,1,15.23742676,24.15749931,-21.39149284,0
-0.2310270369,0.1438934803,2.822607517,-2.893327129e-21,4241,1,15.30637455,24.16500092,-21.32295418,0
-0.262929529,0.147761777,2.828301668,3.723881492e-21,6440,1,15.37532234,24.17250061,-21.25441551,0
-0.2975736558,0.1487210244,2.812184334,6.167300724e-21,6440,1,15.44427013,24.18000031,-21.18587685,0
-0.3320853114,0.149971202,2.79681015,7.99952234e-21,6440,1,15.51321793,24.1875,-21.11733818,0
-0.3664646149,0.1515120715,2.78217864,9.221016881e-21,6440,1,15.58216572,24.19499969,-21.04879951,0
-0.4007107317,0.1533431858,2.768287897,9.832161182e-21,6440,1,15.6511116,24.20249939,-20.98026276,0
-0.4438118041,0.1589279473,2.795087814,1.564887283e-21,1119,1,15.72005939,24.20999908,-20.91172409,0
-0.5189771056,0.1770011038,2.964932919,-3.649228441e-20,1119,1,15.78900719,24.21750069,-20.84318542,0
-0.572870791,0.1735338122,2.963454247,-2.877815958e-20,1119,1,15.85795498,24.22500038,-20.77464676,0
-0.5985379815,0.1477427483,2.754106522,1.61885579e-20,1119,1,15.92690277,24.23250008,-20.70610809,0
-0.5886599422,0.1815657467,2.9579072,5.493366548e-20,3319,1,15.99585056,24.23999977,-20.63756943,0
-0.5920209885,0.1840592772,2.987270594,1.073108646e-19,8799,1,16.06479836,24.24749947,-20.56903076,0
-0.6010127664,0.1863172352,3.036812067,1.485764368e-19,8799,1,16.1337471,24.25499916,-20.5004921,0
-0.5806739926,0.2288728207,2.97521615,1.063329498e-19,8799,1,16.20269394,24.26250076,-20.43195343,0
-0.5643556714,0.2640328705,2.927297831,6.477500158e-20,1118,1,16.27164268,24.27000046,-20.36341476,0
-0.5521502495,0.2758009732,2.884055614,3.008074609e-20,5538,1,16.34058952,24.27750015,-20.2948761,0
-0.5334749818,0.287207514,2.820030212,4.858020428e-21,5538,1,16.40953827,24.28499985,-20.22633743,0
-0.5176283717,0.3029664755,2.796310186,-1.32997637e-20,5538,1,16.4784832,24.29249954,-20.15780067,0
-0.5046182275,0.3230924904,2.813021898,-2.437152935e-20,5538,1,16.54743195,24.29999924,-20.08926201,0
-0.4958570302,0.3427556157,2.840797901,-2.837142259e-20,3338,1,16.61637878,24.30750084,-20.02072334,0
-0.4827379584,0.3415684104,2.788116693,-2.097264098e-20,7721,1,16.68532753,24.31500053,-19.95218468,0
-0.4707843363,0.3430750072,2.758699894,-1.493916621e-20,7721,1,16.75427437,24.32250023,-19.88364601,0
-0.4618603885,0.3507875502,2.766336679,-1.217253544e-20,7721,1,16.82322311,24.32999992,-19.81510735,0
-0.4559769332,0.3647281229,2.811159134,-1.268436637e-20,7721,1,16.89216995,24.33749962,-19.74656868,0
-0.4513460696,0.3734812737,2.826120138,-1.011869041e-20,5557,1,16.9611187,24.34499931,-19.67803001,0
-0.4441364408,0.3684546053,2.771759033,-9.581124387e-22,5557,1,17.03006554,24.35250092,-19.60949135,0
-0.4384174049,0.367947489,2.744063616,9.014518996e-21,5557,1,17.09901428,24.36000061,-19.54095268,0
-0.4341948032,0.3719757497,2.743124723,1.980209156e-20,5557,1,17.16796112,24.36750031,-19.47241402,0
-0.431474179,0.3805555999,2.769038916,3.140724653e-20,5557,1,17.23690796,24.375,-19.40387726,0
-0.4286350012,0.3889002502,2.798693419,3.867237385e-20,1157,1,17.3058548,24.38249969,-19.33533859,0
-0.4230474532,0.3902058005,2.786649704,3.439523293e-20,7740,1,17.37480354,24.38999939,-19.26679993,0
-0.416629523,0.3898363113,2.759284019,2.64499208e-20,7740,1,17.44375038,24.39749908,-19.19826126,0
-0.4114381075,0.3933125734,2.755301237,1.89474088e-20,7740,1,17.51269913,24.40500069,-19.1297226,0
-0.4074769914,0.4006504118,2.774800539,1.188941106e-20,7740,1,17.58164597,24.41250038,-19.06118393,0
-0.4034324586,0.4069190323,2.793297052,1.058234534e-20,3377,1,17.65059471,24.42000008,-18.99264526,0
-0.3996912241,0.4139864147,2.819176197,1.546039016e-20,3377,1,17.71954155,24.42749977,-18.9241066,0
-0.3961076736,0.4202141762,2.835540533,2.175468694e-20,5576,1,17.7884903,24.43499947,-18.85556793,0
-0.392015785,0.4215503037,2.815275431,2.418326983e-20,5576,1,17.85743713,24.44249916,-18.78702927,0
-0.3888424635,0.425185591,2.809595108,2.592165612e-20,5576,1,17.92638588,24.45000076,-18.7184906,0
-0.3859820962,0.4273892939,2.797786474,2.134704845e-20,1176,1,17.99533272,24.45750046,-18.64995193,0
-0.3835375309,0.429880172,2.789640903,1.027799215e-20,1176,1,18.06427956,24.46500015,-18.58141518,0
-0.3819025755,0.4353542924,2.800200701,-3.960913166e-21,1176,1,18.13322639,24.47249985,-18.51287651,0
-0.3810801804,0.4438219965,2.829531431,-2.138055088e-20,1176,1,18.20217514,24.47999954,-18.44433784,0
-0.3810731769,0.4552938938,2.877699375,-4.199214045e-20,1176,1,18.27112198,24.48749924,-18.37579918,0
-0.3773658276,0.4580451548,2.864709377,-5.36352698e-20,3396,1,18.34007072,24.49500084,-18.30726051,0
-0.3731897473,0.4596936107,2.845835924,-5.93320756e-20,3396,1,18.40901756,24.50250053,-18.23872185,0
-0.3697302341,0.4636115134,2.840852022,-6.184707302e-20,3396,1,18.47796631,24.51000023,-18.17018318,0
-0.3669899106,0.4698072374,2.849808455,-6.116858458e-20,3396,1,18.54691315,24.51749992,-18.10164452,0
-0.3649713993,0.4782891273,2.872756481,-5.728486821e-20,3396,1,18.61586189,24.52499962,-18.03310585,0
-0.3632945716,0.4875374436,2.902074814,-4.864513796e-20,7779,1,18.68480873,24.53249931,-17.96456718,0
-0.3614551425,0.4955943227,2.928148746,-3.573855485e-20,7779,1,18.75375748,24.54000092,-17.89602852,0
-0.3600575328,0.5042239428,2.956783772,-2.386080187e-20,1195,1,18.82270432,24.54750061,-17.82748985,0
-0.3579176068,0.5061357617,2.938628197,-1.402342072e-20,1195,1,18.89165115,24.55500031,-17.75895309,0
-0.356330514,0.509652853,2.929527044,-4.569714865e-21,1195,1,18.96059799,24.5625,-17.69041443,0
-0.3552176654,0.5144973397,2.928104639,3.835619537e-21,5615,1,19.02954674,24.56999969,-17.62187576,0
-0.3535405695,0.517149806,2.917199612,1.802791475e-21,5615,1,19.09849358,24.57749939,-17.5533371,0
-0.3523982465,0.521589458,2.916841745,-2.377336871e-21,5615,1,19.16744232,24.58499908,-17.48479843,0
-0.3517927825,0.5278215408,2.927062511,-8.7120827e-21,5615,1,19.23638916,24.59250069,-17.41625977,0
-0.3517253995,0.5358538628,2.947906971,-1.720866385e-20,5615,1,19.30533791,24.60000038,-17.3477211,0
-0.3521982133,0.545691669,2.979406357,-2.78745003e-20,5615,1,19.37428474,24.60750008,-17.27918243,0
-0.3524780869,0.5552740097,3.011366606,-3.395741528e-20,1215,1,19.44323349,24.61499977,-17.21064377,0
-0.3506931067,0.5592038035,3.009395838,-2.901981264e-20,7798,1,19.51218033,24.62249947,-17.1421051,0
-0.3483732045,0.5618584752,2.997874022,-2.295349944e-20,7798,1,19.58112907,24.62999916,-17.07356644,0
-0.3464412987,0.5660007,2.993932486,-1.870123048e-20,7798,1,19.65007401,24.63750076,-17.00502968,0
-0.3448977172,0.571637094,2.997602701,-1.626843899e-20,7798,1,19.71902275,24.64500046,-16.93649101,0
-0.3436456621,0.5785427094,3.007955313,-1.521244762e-20,3435,1,19.78796959,24.65250015,-16.86795235,0
-0.3414019048,0.5836831927,3.012398005,-8.33274688e-21,3435,1,19.85691833,24.65999985,-16.79941368,0
-0.339631021,0.5904176235,3.024887323,-1.10957141e-21,3435,1,19.92586517,24.66749954,-16.73087502,0
-0.3383346498,0.5987511873,3.045450211,6.458229192e-21,3435,1,19.99481392,24.67499924,-16.66233635,0
-0.3375146687,0.6086884737,3.074109316,1.43718754e-20,3435,1,20.06376076,24.68250084,-16.59379768,0
-0.3371720612,0.620236516,3.110900402,2.26323918e-20,3435,1,20.1327095,24.69000053,-16.52525902,0
-0.3360467851,0.6240845919,3.109867573,2.240830341e-20,1234,1,20.20165634,24.69750023,-16.45672035,0
-0.3343731463,0.6250157356,3.096262932,1.556150491e-20,1234,1,20.27060509,24.70499992,-16.38818169,0
-0.3330322504,0.6269727349,3.087394476,1.188636245e-20,1234,1,20.33955193,24.71249962,-16.31964302,0
-0.3320252001,0.6299591064,3.083278179,1.139341047e-20,1234,1,20.40850067,24.71999931,-16.25110435,0
-0.3313535154,0.6339774132,3.083926439,1.409311715e-20,1234,1,20.4774456,24.72750092,-16.1825676,0
-0.331017524,0.6390325427,3.089360952,1.99961882e-20,1234,1,20.54639435,24.73500061,-16.11402893,0
-0.3304747045,0.6435745358,3.093451977,2.076965861e-20,5654,1,20.61534119,24.74250031,-16.04549026,0
-0.3298308849,0.648017168,3.097937822,1.687244886e-20,5654,1,20.68428993,24.75,-15.9769516,0
-0.3295027614,0.6535813808,3.107679367,1.436245491e-20,5654,1,20.75323677,24.75749969,-15.90841293,0
-0.3294913173,0.6602705717,3.122692347,1.324391447e-20,5654,1,20.82218552,24.76499939,-15.83987427,0
-0.3297975063,0.6680881977,3.142993212,1.352107894e-20,5654,1,20.89113235,24.77249908,-15.7713356,0
-0.3304225504,0.6770369411,3.168594599,1.519776839e-20,5654,1,20.9600811,24.78000069,-15.70279694,0
-0.3301014006,0.6827727556,3.178997517,1.562545308e-20,7837,1,21.02902794,24.78750038,-15.63425827,0
-0.3287255168,0.6847718954,3.171456575,1.322511631e-20,7837,1,21.09797478,24.79500008,-15.56572056,0
-0.3275875747,0.6875127554,3.167254448,1.013380019e-20,7837,1,21.16692352,24.80249977,-15.49718189,0
-0.3266883194,0.6909976602,3.166401625,6.349338216e-21,7837,1,21.23587036,24.80999947,-15.42864323,0
-0.3260285556,0.6952289343,3.168909073,1.869543295e-21,7837,1,21.30481911,24.81749916,-15.36010456,0
-0.3256092966,0.7002084255,3.174785137,-3.308085909e-21,7837,1,21.37376595,24.82500076,-15.2915659,0
-0.32497859,0.7047834396,3.179980278,-2.948897268e-21,3474,1,21.44271469,24.83250046,-15.22302723,0
-0.3241914511,0.7091813087,3.185252905,2.023390609e-21,3474,1,21.51166153,24.84000015,-15.15448952,0
-0.3236165047,0.7143713832,3.193998814,6.479591697e-21,3474,1,21.58060837,24.84749985,-15.08595085,0
-0.3232543468,0.7203556895,3.206227779,1.041814433e-20,3474,1,21.64955711,24.85499954,-15.01741219,0
-0.3231056035,0.7271365523,3.221950054,1.383755873e-20,3474,1,21.71850395,24.86249924,-14.94887352,0
-0.3231711984,0.7347157001,3.241172552,1.673627425e-20,3474,1,21.7874527,24.87000084,-14.88033485,0
-0.3232622147,0.7427985668,3.262893915,1.818513279e-20,7857,1,21.85639954,24.87750053,-14.81179714,0
-0.3227751553,0.7479541898,3.272074699,1.500019986e-20,1273,1,21.92534637,24.88500023,-14.74325848,0
-0.3222554326,0.7499724627,3.266552925,9.947443825e-21,1273,1,21.99429512,24.89249992,-14.67471981,0
-0.3218985498,0.7524027824,3.262781858,4.9076238e-21,1273,1,22.06324196,24.89999962,-14.60618114,0
-0.3217050433,0.7552464008,3.26076746,-1.192213185e-22,1273,1,22.1321907,24.90749931,-14.53764248,0
-0.3216756284,0.7585043311,3.260513306,-5.132981646e-21,1273,1,22.20113945,24.91500092,-14.46910381,0
-0.3218103051,0.7621783018,3.262027502,-1.013368548e-20,1273,1,22.27008629,24.92250061,-14.4005661,0
-0.3216471076,0.764660418,3.260198116,-1.480655558e-20,5693,1,22.33903313,24.93000031,-14.33202744,0
-0.3216488659,0.7675779462,3.260212898,-1.801455425e-20,5693,1,22.40798187,24.9375,-14.26348877,0
-0.3218197823,0.7709453106,3.262119055,-1.975019567e-20,5693,1,22.47692871,24.94499969,-14.1949501,0
-0.3221604228,0.7747637033,3.26592207,-2.000926314e-20,5693,1,22.54587555,24.95249939,-14.12641144,0
-0.3226712048,0.7790344954,3.271627188,-1.878752384e-20,5693,1,22.6148243,24.95999908,-14.05787277,0
-0.3233528733,0.7837584615,3.279237986,-1.608093071e-20,5693,1,22.68377113,24.96750069,-13.98933506,0
-0.3241297901,0.7886111736,3.28789711,-7.855419238e-21,1293,1,22.75271988,24.97500038,-13.92079639,0
-0.3249506056,0.7934536338,3.297291994,6.968669504e-21,1293,1,22.82166672,24.98250008,-13.85225773,0
-0.3259284496,0.7988111973,3.308842659,2.164661223e-20,1293,1,22.89061546,24.98999977,-13.78371906,0
-0.3270637393,0.8046853542,3.322555304,3.617799779e-20,1293,1,22.9595623,24.99749947,-13.7151804,0
-0.3283569217,0.8110774755,3.33843565,5.056241661e-20,1293,1,23.02850914,25.00499916,-13.64664173,0
-0.3293237686,0.8149247169,3.343352079,5.993362978e-20,7876,1,23.09745789,25.01250076,-13.57810402,0
-0.3301663697,0.8176252246,3.343142271,6.552842095e-20,7876,1,23.16640472,25.02000046,-13.50956535,0
-0.3308711648,0.8196232915,3.341083288,5.524557073e-20,3513,1,23.23535347,25.02750015,-13.44102669,0
-0.331612885,0.8217694759,3.33965373,4.34859834e-20,3513,1,23.30430031,25.03499985,-13.37248802,0
-0.3324248791,0.8242110014,3.33927846,3.250847272e-20,3513,1,23.37324905,25.04249954,-13.30394936,0
-0.3333073556,0.8269487023,3.339960337,2.231522135e-20,3513,1,23.44219589,25.04999924,-13.23541069,0
-0.3342607617,0.829982996,3.341701508,1.290868983e-20,3513,1,23.51114273,25.05750084,-13.16687298,0
-0.3352847993,0.8333154917,3.344506979,4.290481228e-21,3513,1,23.58009148,25.06500053,-13.09833431,0
-0.3363799155,0.8369466662,3.348378658,-3.536890609e-21,3513,1,23.64903831,25.07250023,-13.02979565,0
-0.3371390402,0.8404387236,3.352144241,-1.181603029e-20,7896,1,23.71798706,25.07999992,-12.96125698,0
-0.3379488587,0.8442276716,3.357020378,-1.907242778e-20,7896,1,23.7869339,25.08749962,-12.89271832,0
-0.3388201892,0.848326087,3.363041878,-2.526678596e-20,7896,1,23.85588074,25.09499931,-12.8241806,0
-0.3397534192,0.8527344465,3.370210648,-3.039656107e-20,7896,1,23.92482948,25.10250092,-12.75564194,0
-0.3407482505,0.8574542403,3.378532171,-3.445886121e-20,7896,1,23.99377632,25.11000061,-12.68710327,0
-0.3418051004,0.8624859452,3.388008356,-3.745092212e-20,7896,1,24.06272507,25.11750031,-12.61856461,0
-0.3428421319,0.8676849604,3.398185968,-3.863470482e-20,3533,1,24.13167191,25.125,-12.55002594,0
-0.3434965312,0.8724078536,3.40704608,-3.57986967e-20,3533,1,24.20062065,25.13249969,-12.48148727,0
-0.3442063928,0.8774334192,3.417027473,-3.363849191e-20,3533,1,24.26956749,25.13999939,-12.41294956,0
-0.3449792564,0.8822806478,3.426501274,-3.192942691e-20,5732,1,24.33851433,25.14749908,-12.3444109,0
-0.3458661735,0.8837507963,3.424573183,-2.876013286e-20,5732,1,24.40746307,25.15500069,-12.27587223,0
-0.3468152285,0.8853535652,3.423081875,-2.54550584e-20,5732,1,24.47640991,25.16250038,-12.20733356,0
-0.3478267789,0.8870891333,3.422027826,-2.201399998e-20,5732,1,24.54535866,25.17000008,-12.1387949,0
-0.3489009738,0.8889578581,3.421411991,-1.843663124e-20,5732,1,24.6143055,25.17749977,-12.07025623,0
-0.3494691253,0.8906100392,3.420684814,-1.351084985e-20,1332,1,24.68325233,25.18499947,-12.00171852,0
-0.350068599,0.8923763633,3.420382261,-8.820932883e-21,1332,1,24.75220108,25.19249916,-11.93317986,0
-0.3507333994,0.8942775726,3.420538425,-4.452290357e-21,1332,1,24.82114792,25.20000076,-11.86464119,0
-0.3514634371,0.8963143826,3.421155691,-4.055297634e-22,1332,1,24.89009666,25.20750046,-11.79610252,0
-0.3522589803,0.8984870315,3.422234297,3.318416579e-21,1332,1,24.9590435,25.21500015,-11.72756386,0
-0.3531202078,0.9007957578,3.423775434,6.718724038e-21,1332,1,25.02799225,25.22249985,-11.65902519,0
-0.3540473282,0.9032409191,3.425780535,9.794521233e-21,1332,1,25.09693909,25.22999954,-11.59048748,0
-0.3545493186,0.9054046273,3.427200317,9.570932859e-21,5752,1,25.16588593,25.23749924,-11.52194881,0
-0.3549989462,0.9075931907,3.428815603,7.92576271e-21,5752,1,25.23483467,25.24500084,-11.45341015,0
-0.3555085659,0.9099020362,3.430867672,5.500177136e-21,5752,1,25.30378151,25.25250053,-11.38487148,0
-0.3560784757,0.9123311639,3.433356762,2.292345477e-21,5752,1,25.37273026,25.26000023,-11.31633282,0
-0.3567088246,0.9148809314,3.436283827,-1.699493258e-21,5752,1,25.44167709,25.26749992,-11.24779415,0
-0.3573997617,0.9175515175,3.439650059,-6.47702978e-21,5752,1,25.51062393,25.27499962,-11.17925644,0
-0.3581513762,0.9203433394,3.443456411,-1.204217452e-20,5752,1,25.57957268,25.28249931,-11.11071777,0
-0.3588051796,0.923165381,3.447636843,-1.770463294e-20,1352,1,25.64851952,25.29000092,-11.04217911,0
-0.359080106,0.9258550406,3.452070951,-2.169560976e-20,1352,1,25.71746826,25.29750061,-10.97364044,0
-0.3594190478,0.9286642671,3.456940413,-2.56253946e-20,1352,1,25.7864151,25.30500031,-10.90510178,0
-0.359822154,0.9315933585,3.462245941,-2.949378713e-20,1352,1,25.85536194,25.3125,-10.83656406,0
-0.3602895737,0.9346426725,3.467988968,-3.330077604e-20,1352,1,25.92431068,25.31999969,-10.7680254,0
-0.3608214557,0.9378123879,3.47416997,-3.704615615e-20,1352,1,25.99325752,25.32749939,-10.69948673,0
-0.3614179194,0.9411028028,3.480790138,-4.072978852e-20,1352,1,26.06220627,25.33499908,-10.63094807,0
-0.3620198667,0.9429908395,3.483413696,-4.277832716e-20,7935,1,26.13115311,25.34250069,-10.5624094,0
-0.3622731864,0.9435119033,3.48248744,-3.803285014e-20,3572,1,26.20010185,25.35000038,-10.49387074,0
-0.362496227,0.9440299273,3.481666565,-3.229655616e-20,3572,1,26.26904869,25.35750008,-10.42533302,0
-0.3627817631,0.944601953,3.481014729,-2.700444201e-20,3572,1,26.33799553,25.36499977,-10.35679436,0
-0.3631299734,0.9452281594,3.480531931,-2.215744635e-20,3572,1,26.40694427,25.37249947,-10.28825569,0
-0.3635409772,0.9459086061,3.480219126,-1.775643351e-20,3572,1,26.47589111,25.37999916,-10.21971703,0
-0.3640149534,0.9466432929,3.480075598,-1.380218545e-20,3572,1,26.54483986,25.38750076,-10.15117836,0
-0.364551872,0.9474324584,3.480102777,-1.02957014e-20,3572,1,26.6137867,25.39500046,-10.08263969,0
-0.3651519418,0.9482762218,3.480300665,-7.237826321e-21,3572,1,26.68273354,25.40250015,-10.01410198,0
-0.3655186594,0.948890388,3.480662584,-3.047852788e-21,7955,1,26.75168228,25.40999985,-9.945563316,0
-0.3659163117,0.949521184,3.481182337,1.313879569e-21,7955,1,26.82062912,25.41749954,-9.877024651,0
-0.3663823009,0.9502040744,3.481860399,5.674806757e-21,7955,1,26.88957787,25.42499924,-9.808485985,0
-0.3669168651,0.9509389997,3.48269701,1.003506277e-20,7955,1,26.9585247,25.43250084,-9.739947319,0
-0.3675199747,0.9517262578,3.483692646,1.439437568e-20,7955,1,27.02747345,25.44000053,-9.671408653,0
-0.3681918681,0.9525659084,3.484847784,1.875282426e-20,7955,1,27.09642029,25.44750023,-9.602870941,0
-0.3689326942,0.9534580112,3.486162424,2.311051512e-20,7955,1,27.16536713,25.45499992,-9.534332275,0
-0.3697377443,0.9543840289,3.487625122,2.701035344e-20,3592,1,27.23431587,25.46249962,-9.46579361,0
-0.3705307543,0.9550650716,3.489042044,2.381519061e-20,3592,1,27.30326271,25.46999931,-9.397254944,0
-0.3713805676,0.9557827115,3.490576506,2.054338917e-20,3592,1,27.37221146,25.47750092,-9.328716278,0
-0.3722871542,0.9565371275,3.492229223,1.719468094e-20,3592,1,27.44115829,25.48500061,-9.260177612,0
-0.3732506633,0.9573282599,3.493999958,1.376905299e-20,3592,1,27.51010513,25.49250031,-9.1916399,0
-0.3742711842,0.9581562281,3.495888948,1.026627429e-20,3592,1,27.57905388,25.5,-9.123101234,0
-0.3753488064,0.9590210915,3.497896433,6.686262046e-21,3592,1,27.64800072,25.50749969,-9.054562569,0
-0.3764836788,0.9599229097,3.500022888,3.028886401e-21,3592,1,27.71694946,25.51499939,-8.986023903,0
-0.3776758313,0.9608617425,3.502268076,-7.059851728e-22,3592,1,27.7858963,25.52249908,-8.917485237,0
-0.3789087534,0.961640954,3.50475955,-3.320928211e-21,7975,1,27.85484505,25.53000069,-8.848946571,0
-0.380189985,0.9623973966,3.507394791,-5.445173664e-21,7975,1,27.92379189,25.53750038,-8.780408859,0
-0.3815244138,0.9631927013,3.510131836,-7.427117395e-21,7975,1,27.99273872,25.54500008,-8.711870193,0
-0.3829121292,0.9640270472,3.512970448,-9.266473041e-21,7975,1,28.06168747,25.55249977,-8.643331528,0
-0.3843531609,0.964900434,3.515910864,-1.096298897e-20,7975,1,28.13063431,25.55999947,-8.574792862,0
-0.3858476877,0.9658129811,3.518953562,-1.251641316e-20,7975,1,28.19958305,25.56749916,-8.506254196,0
-0.3873957694,0.9667645693,3.522097826,-1.392641279e-20,7975,1,28.26852989,25.57500076,-8.437716484,0
-0.3889974654,0.9677555561,3.525345087,-1.519290547e-20,7975,1,28.33747673,25.58250046,-8.369177818,0
-0.3904193342,0.9674325585,3.524610281,-1.461220207e-20,5811,1,28.40642548,25.59000015,-8.300639153,0
-0.3917794824,0.9668998122,3.523450613,-1.277847351e-20,5811,1,28.47537231,25.59749985,-8.232100487,0
-0.3931562006,0.9663840532,3.522318602,-1.085547811e-20,5811,1,28.54432106,25.60499954,-8.163561821,0
-0.3945495784,0.9658854604,3.521214008,-8.843089045e-21,5811,1,28.6132679,25.61249924,-8.095023155,0
-0.3959595859,0.9654040337,3.52013731,-6.741230379e-21,5811,1,28.68221474,25.62000084,-8.026485443,0
-0.3973862529,0.9649395943,3.519088268,-4.549662602e-21,5811,1,28.75116348,25.62750053,-7.957946301,0
-0.3988296092,0.9644923806,3.518067122,-2.268351383e-21,5811,1,28.82011032,25.63500023,-7.889408112,0
-0.4002896845,0.9640623331,3.517073393,1.028800523e-22,5811,1,28.88905907,25.64249992,-7.820869446,0
-0.401766479,0.9636494517,3.516107798,2.564143779e-21,5811,1,28.95800591,25.64999962,-7.75233078,0
-0.4031254947,0.9631140828,3.51518631,6.704409431e-22,1411,1,29.02695465,25.65749931,-7.683792591,0
-0.4044759572,0.9625639319,3.514283419,-2.163249766e-21,1411,1,29.09590149,25.66500092,-7.615253925,0
-0.4058497548,0.9620315433,3.513393879,-4.901506783e-21,1411,1,29.16484833,25.67250061,-7.546715736,0
-0.4072469771,0.9615169764,3.512517929,-7.544321779e-21,1411,1,29.23379707,25.68000031,-7.478177071,0
-0.4086676836,0.9610202909,3.511655331,-1.009154289e-20,1411,1,29.30274391,25.6875,-7.409638405,0
-0.4101118445,0.9605415463,3.510806322,-1.254301865e-20,1411,1,29.37169266,25.69499969,-7.341100216,0
-0.4115795195,0.9600806832,3.509970903,-1.489864082e-20,1411,1,29.4406395,25.70249939,-7.27256155,0
-0.4130707681,0.9596378207,3.509149075,-1.715825914e-20,1411,1,29.50958824,25.70999908,-7.204022884,0
-0.4145233929,0.9592189789,3.508375883,-1.90233624e-20,5831,1,29.57853508,25.71750069,-7.135484695,0
-0.4156470895,0.9588437676,3.507800102,-1.923887526e-20,5831,1,29.64748192,25.72500038,-7.06694603,0
-0.4167788923,0.9584732652,3.507220268,-1.952262245e-20,5831,1,29.71643066,25.73250008,-6.998407364,0
-0.4179188013,0.9581075907,3.50663662,-1.987467666e-20,5831,1,29.7853775,25.73999977,-6.929869175,0
-0.4190668762,0.9577466249,3.506048918,-2.029511382e-20,5831,1,29.85432625,25.74749947,-6.861330509,0
-0.4202230871,0.9573904276,3.505457163,-2.078400987e-20,5831,1,29.92327309,25.75499916,-6.792791843,0
-0.4213874638,0.9570390582,3.504861593,-2.134153122e-20,5831,1,29.99221992,25.76250076,-6.724253654,0
-0.4225599766,0.9566923976,3.504261971,-2.196756154e-20,5831,1,30.06116867,25.77000046,-6.655714989,0
-0.4237406552,0.9563505054,3.503658295,-2.266227855e-20,5831,1,30.13011551,25.77750015,-6.587176323,0
-0.4249294996,0.9560134411,3.503050804,-2.342575172e-20,5831,1,30.19906425,25.78499985,-6.518638134,0
-0.4262736738,0.9556436539,3.502025127,-1.898917819e-20,1431,1,30.26801109,25.79249954,-6.450099468,0
-0.4276326895,0.95526582,3.500955105,-1.440048907e-20,1431,1,30.33695984,25.79999924,-6.381560802,0
-0.428999275,0.9548815489,3.499861002,-9.922530664e-21,1431,1,30.40590668,25.80750084,-6.313022614,0
-0.4303734004,0.9544907808,3.498742342,-5.555338128e-21,1431,1,30.47485352,25.81500053,-6.244483948,0
-0.4317550957,0.9540935159,3.497599363,-1.299083113e-21,1431,1,30.54380226,25.82250023,-6.175945282,0
-0.4331443906,0.953689754,3.496431828,2.846084736e-21,1431,1,30.6127491,25.82999992,-6.107407093,0
-0.4345412552,0.9532794952,3.495239973,6.880099787e-21,1431,1,30.68169785,25.83749962,-6.038868427,0
-0.4359457195,0.9528627396,3.494023561,1.080280916e-20,1431,1,30.75064468,25.84499931,-5.970329762,0
-0.4373577833,0.9524395466,3.492782831,1.4614123e-20,1431,1,30.81959152,25.85250092,-5.901791573,0
-0.4389035702,0.9519324303,3.49172616,1.547177843e-20,5851,1,30.88854027,25.86000061,-5.833252907,0
-0.4404900968,0.9514001608,3.490696907,1.564288688e-20,5851,1,30.95748711,25.86750031,-5.764714241,0
-0.4420882761,0.9508607388,3.489646673,1.580173625e-20,5851,1,31.02643585,25.875,-5.696176052,0
-0.4436980784,0.9503141642,3.488575459,1.594831363e-20,5851,1,31.09538269,25.88249969,-5.627637386,0
-0.4453195035,0.9497604966,3.487483263,1.608261254e-20,5851,1,31.16433144,25.88999939,-5.559098721,0
-0.4469526112,0.9491996169,3.486370087,1.620462491e-20,5851,1,31.23327827,25.89749908,-5.490560532,0
-0.4485973716,0.9486316442,3.485235691,1.631438952e-20,5851,1,31.30222511,25.90500069,-5.422021866,0
-0.4502537847,0.948056519,3.484080315,1.641180134e-20,5851,1,31.37117386,25.91250038,-5.353483677,0
-0.4519218802,0.9474741817,3.482903719,1.649689755e-20,5851,1,31.4401207,25.92000008,-5.284945011,0
-0.4535756111,0.9468609095,3.481637716,1.642693132e-20,1451,1,31.50906944,25.92749977,-5.216406345,0
-0.454932183,0.94595927,3.479539633,1.469908188e-20,1451,1,31.57801628,25.93499947,-5.147868156,0
-0.4562984705,0.9450477362,3.47740674,1.303135086e-20,1451,1,31.64696312,25.94249916,-5.079329491,0
-0.4576745033,0.9441263676,3.475239754,1.142380855e-20,1451,1,31.71591187,25.95000076,-5.010790825,0
-0.4590603113,0.943195045,3.473037958,9.876463812e-21,1451,1,31.7848587,25.95750046,-4.942252636,0
-0.4604558945,0.9422537684,3.470801592,8.389361092e-21,1451,1,31.85380745,25.96500015,-4.87371397,0
-0.4618612528,0.9413025975,3.468530416,6.962553699e-21,1451,1,31.92275429,25.97249985,-4.805175304,0
-0.4632763565,0.9403415322,3.466224909,5.596092121e-21,1451,1,31.99170113,25.97999954,-4.736637115,0
-0.4647012651,0.939370513,3.463884354,4.289998571e-21,1451,1,32.06064987,25.98749924,-4.66809845,0
-0.4661359191,0.9383895993,3.461509705,3.044289005e-21,1451,1,32.12959671,25.99500084,-4.599559784,0
-0.4673584402,0.9373736382,3.459148169,2.333420972e-21,5871,1,32.19854355,26.00250053,-4.531021595,0
-0.468236655,0.9363123775,3.456840515,2.383563344e-21,5871,1,32.2674942,26.01000023,-4.462482929,0
-0.469117105,0.9352471232,3.454515934,2.429403812e-21,5871,1,32.33644104,26.01749992,-4.393944263,0
-0.4699997902,0.9341778159,3.452174664,2.470939547e-21,5871,1,32.40538788,26.02499962,-4.325406075,0
-0.4708847106,0.9331044555,3.449816465,2.50817156e-21,5871,1,32.47433472,26.03249931,-4.256867409,0
-0.4717718363,0.9320271611,3.447441816,2.541069559e-21,5871,1,32.54328537,26.04000092,-4.188328743,0
-0.472661227,0.9309457541,3.44505024,2.569687868e-21,5871,1,32.61223221,26.04750061,-4.119790554,0
-0.4735528827,0.9298602939,3.442641735,2.593997607e-21,5871,1,32.68117905,26.05500031,-4.051251888,0
-0.4744467735,0.9287707806,3.440216541,2.613996153e-21,5871,1,32.75012589,26.0625,-3.982713461,0
-0.4753428996,0.9276772141,3.43777442,2.629682494e-21,5871,1,32.81907272,26.06999969,-3.914174795,0
-0.4762319922,0.9265540242,3.435237408,2.551886521e-21,1471,1,32.88801956,26.07749939,-3.845636368,0
-0.4769530296,0.9249587059,3.431254625,8.354817012e-22,1471,1,32.95697021,26.08499908,-3.77709794,0
-0.4776741266,0.9233574867,3.427246809,-8.95755925e-22,1471,1,33.02591705,26.09250069,-3.708559513,0
-0.4783953726,0.9217502475,3.423212767,-2.641801215e-21,1471,1,33.09486389,26.10000038,-3.640020847,0
-0.4791167378,0.9201370478,3.419153214,-4.402668406e-21,1471,1,33.16381073,26.10750008,-3.57148242,0
-0.4798381925,0.9185178876,3.415067911,-6.178368303e-21,1471,1,33.23275757,26.11499977,-3.502943993,0
-0.4805597663,0.916892767,3.410957098,-7.968912618e-21,1471,1,33.30170822,26.12249947,-3.434405327,0
-0.4812814295,0.9152617455,3.406820536,-9.774293274e-21,1471,1,33.37065506,26.12999916,-3.365866899,0
-0.4820031524,0.9136248231,3.402658939,-1.159450502e-20,1471,1,33.4396019,26.13750076,-3.297328472,0
-0.4827250242,0.9119818807,3.398471117,-1.342958905e-20,1471,1,33.50854874,26.14500046,-3.228789806,0
-0.4834470153,0.9103329182,3.394257545,-1.527952356e-20,1471,1,33.57749939,26.15250015,-3.160251379,0
-0.4841206968,0.9087997079,3.390105247,-1.48959444e-20,5891,1,33.64644623,26.15999985,-3.091712952,0
-0.4847781658,0.9073123336,3.385993719,-1.370998712e-20,5891,1,33.71539307,26.16749954,-3.023174286,0
-0.4854369462,0.9058282971,3.381896734,-1.25293936e-20,5891,1,33.7843399,26.17499924,-2.954635859,0
-0.4860970676,0.9043477774,3.377815008,-1.135413474e-20,5891,1,33.85328674,26.18250084,-2.886097431,0
-0.4867585599,0.9028704166,3.373747349,-1.01842582e-20,5891,1,33.9222374,26.19000053,-2.817558765,0
-0.4874213934,0.9013964534,3.369694471,-9.019743805e-21,5891,1,33.99118423,26.19750023,-2.749020338,0
-0.488085568,0.899925828,3.365656376,-7.860586693e-21,5891,1,34.06013107,26.20499992,-2.680481911,0
-0.4887511134,0.8984585404,3.361632824,-6.706786061e-21,5891,1,34.12907791,26.21249962,-2.611943483,0
-0.4894179702,0.8969945908,3.357623816,-5.558337869e-21,5891,1,34.19802475,26.21999931,-2.543404818,0
-0.4900861681,0.8955340981,3.353630066,-4.415249387e-21,5891,1,34.2669754,26.22750092,-2.47486639,0
-0.4907557368,0.8940768838,3.349650621,-3.277519404e-21,5891,1,34.33592224,26.23500061,-2.406327963,0
-0.4914719164,0.8922789693,3.344017744,-2.49749778e-21,1491,1,34.40486908,26.24250031,-2.337789297,0
-0.4922106564,0.8903388381,3.337691069,-1.870854748e-21,1491,1,34.47381592,26.25,-2.26925087,0
-0.4929530025,0.8884038329,3.331384659,-1.246330558e-21,1491,1,34.54276276,26.25749969,-2.200712442,0
-0.493698895,0.8864740729,3.325098991,-6.23922636e-22,1491,1,34.61171341,26.26499939,-2.132173777,0
-0.494448334,0.884549439,3.31883359,-3.635393695e-24,1491,1,34.68066025,26.27249908,-2.063635349,0
-0.4952013493,0.8826301694,3.312589407,6.145177479e-22,1491,1,34.74960709,26.28000069,-1.995096922,0
-0.495957911,0.8807159662,3.306365013,1.23056889e-21,1491,1,34.81855392,26.28750038,-1.926558375,0
-0.496718049,0.8788068891,3.300161123,1.844502704e-21,1491,1,34.88750458,26.29500008,-1.858019829,0
-0.4974817336,0.8769030571,3.293977976,2.456318282e-21,1491,1,34.95645142,26.30249977,-1.789481401,0
-0.4982489944,0.8750043511,3.287815094,3.066018248e-21,1491,1,35.02539825,26.30999947,-1.720942855,0
-0.4990197718,0.8731108904,3.281672716,3.673601997e-21,1491,1,35.09434509,26.31749916,-1.652404308,0
-0.4996105731,0.8712970018,3.274830103,3.793519356e-21,5911,1,35.16329193,26.32500076,-1.583865881,0
-0.5001175404,0.8695523739,3.267705679,3.652320675e-21,5911,1,35.23224258,26.33250046,-1.515327334,0
-0.5006397963,0.8678432107,3.260698557,3.506315219e-21,5911,1,35.30118942,26.34000015,-1.446788907,0
-0.5011773705,0.8661693931,3.25380826,3.355504805e-21,5911,1,35.37013626,26.34749985,-1.37825036,0
-0.5017302632,0.864530921,3.247035265,3.199892462e-21,5911,1,35.4390831,26.35499954,-1.309711814,0
-0.5022983551,0.8629277945,3.240378857,3.039481421e-21,5911,1,35.50802994,26.36249924,-1.241173387,0
-0.5028817654,0.8613601923,3.233840466,2.874242602e-21,5911,1,35.57698059,26.37000084,-1.17263484,0
-0.5034804344,0.8598276973,3.227417946,2.704241234e-21,5911,1,35.64592743,26.37750053,-1.104096293,0
-0.5040943623,0.8583304286,3.221112013,2.529449651e-21,5911,1,35.71487427,26.38500023,-1.035557866,0
-0.5047235489,0.8568684459,3.214922905,2.349870275e-21,5911,1,35.78382111,26.39249992,-0.9670193195,0
-0.5053679347,0.8554416895,3.208850145,2.165505933e-21,5911,1,35.85276794,26.39999962,-0.8984808326,0
-0.5060275197,0.8540501595,3.202894211,1.976359858e-21,5911,1,35.9217186,26.40749931,-0.8299423456,0
-0.5060390234,0.8525198698,3.195837736,1.792256434e-21,1511,1,35.99066544,26.41500092,-0.7614038587,0
-0.5058923364,0.8509832025,3.188586235,1.617555929e-21,1511,1,36.05961227,26.42250061,-0.6928653121,0
-0.505752027,0.8494840264,3.18144393,1.451054428e-21,1511,1,36.12855911,26.43000031,-0.6243268251,0
-0.5056182146,0.8480222225,3.174410105,1.292747184e-21,1511,1,36.19750595,26.4375,-0.5557883382,0
-0.5054907799,0.8465979099,3.167485237,1.142629251e-21,1511,1,36.2664566,26.44499969,-0.4872498214,0
-0.5053697824,0.8452110291,3.16066885,1.000696084e-21,1511,1,36.33540344,26.45249939,-0.4187113345,0
-0.5052551627,0.8438615203,3.153961182,8.669426353e-22,1511,1,36.40435028,26.45999908,-0.3501728177,0
-0.5051470399,0.8425496817,3.147363186,7.413396214e-22,1511,1,36.47329712,26.46750069,-0.2816343307,0
-0.5050452352,0.8412749171,3.140872478,6.239329858e-22,1511,1,36.54224777,26.47500038,-0.213095814,0
-0.5049498677,0.8400374055,3.134490252,5.146918306e-22,1511,1,36.61119461,26.48250008,-0.1445573121,0
-0.504860878,0.838837266,3.128216505,4.136114099e-22,1511,1,36.68014145,26.48999977,-0.07601881772,0
-0.5047783256,0.8376743793,3.122051001,3.206868769e-22,1511,1,36.74908829,26.49749947,-0.007480312139,0
-0.5036256313,0.8355943561,3.112341881,2.210798464e-22,5931,1,36.81803513,26.50499916,0.06105818972,0
-0.502335608,0.8334574103,3.102369308,1.355946252e-22,5931,1,36.88698578,26.51250076,0.1295966953,0
-0.5010393858,0.8313810229,3.092582464,6.653062286e-23,5931,1,36.95593262,26.52000046,0.1981351972,0
-0.4997370541,0.8293656111,3.082982779,1.387097517e-23,5931,1,37.02487946,26.52750015,0.2666736841,0
-0.4984285533,0.8274111748,3.073569775,-2.238432419e-23,5931,1,37.09382629,26.53499985,0.3352122009,0
-0.4971139133,0.8255176544,3.064343929,-4.223527523e-23,5931,1,37.16277313,26.54249954,0.4037506878,0
-0.4957931042,0.8236851096,3.055305004,-4.568186848e-23,5931,1,37.23172379,26.54999924,0.4722892046,0
-0.4944662154,0.8219139576,3.04645443,-3.27263869e-23,5931,1,37.30067062,26.55750084,0.5408276916,0
-0.4931330979,0.8202033043,3.037789345,-3.362203275e-24,5931,1,37.36961746,26.56500053,0.6093661785,0
-0.4904982746,0.8181931376,3.028544664,0,1531,1,37.4385643,26.57250023,0.6779047251,0
-0.4877151847,0.816198647,3.019366503,0,1531,1,37.50751114,26.57999992,0.746443212,0
-0.4849077761,0.8142539263,3.010326624,0,1531,1,37.57646179,26.58749962,0.814981699,0
-0.482076019,0.8123589754,3.001424551,0,1531,1,37.64540863,26.59499931,0.8835201859,0
-0.4792199433,0.8105142713,2.992661953,0,1531,1,37.71435547,26.60250092,0.9520587325,0
-0.476339519,0.8087189198,2.984035969,0,1531,1,37.78330231,26.61000061,1.020597219,0
-0.4734347463,0.8069733977,2.975548029,0,1531,1,37.85225296,26.61750031,1.089135766,0
-0.4705056548,0.8052776456,2.967198133,0,1531,1,37.9211998,26.625,1.157674193,0
-0.4675522149,0.8036317229,2.958986044,0,1531,1,37.99014664,26.63249969,1.22621274,0
-0.4633501768,0.8010849953,2.949239254,0,5951,1,38.05909348,26.63999939,1.294751167,0
-0.4590165019,0.7985043526,2.93943882,0,5951,1,38.12804031,26.64749908,1.363289714,0
-0.4546376765,0.7959575057,2.929703712,0,5951,1,38.19699097,26.65500069,1.43182826,0
-0.4502137601,0.7934434414,2.920030117,0,5951,1,38.26593781,26.66250038,1.500366688,0
-0.4457446933,0.7909626365,2.910420179,0,5951,1,38.33488464,26.67000008,1.568905234,0
-0.4412305355,0.7885151505,2.900873423,0,5951,1,38.40383148,26.67749977,1.637443781,0
-0.436671257,0.786100924,2.891390085,0,5951,1,38.47277832,26.68499947,1.705982208,0
-0.4320668578,0.7837200165,2.881970167,0,5951,1,38.54172897,26.69249916,1.774520755,0
-0.4274173081,0.7813728452,2.872615337,0,5951,1,38.61067581,26.70000076,1.843059182,0
-0.4220651686,0.7776944637,2.86211586,0,1551,1,38.67962265,26.70750046,1.911597729,0
-0.4166298807,0.7739570737,2.851554871,0,1551,1,38.74856949,26.71500015,1.980136275,0
-0.411142379,0.770224452,2.840987682,0,1551,1,38.81751633,26.72249985,2.048674822,0
-0.405602634,0.7664965987,2.830414534,0,1551,1,38.88646698,26.72999954,2.117213249,0
-0.400010705,0.7627735138,2.819835663,0,1551,1,38.95541382,26.73749924,2.185751677,0
-0.3943663836,0.7590556741,2.809252024,0,1551,1,39.02436066,26.74500084,2.254290342,0
-0.3886699677,0.7553420663,2.798660994,0,1551,1,39.0933075,26.75250053,2.32282877,0
-0.3829213083,0.7516332865,2.788063765,0,1551,1,39.16225433,26.76000023,2.391367197,0
-0.3771204054,0.7479292154,2.777460575,0,1551,1,39.23120499,26.76749992,2.459905863,0
-0.3712940812,0.7430300117,2.766275406,0,5971,1,39.30015182,26.77499962,2.52844429,0
-0.3654253483,0.7380799055,2.755018234,0,5971,1,39.36909866,26.78249931,2.596982718,0
-0.3595135212,0.7331085205,2.743704081,0,5971,1,39.4380455,26.79000092,2.665521145,0
-0.3535588682,0.7281147838,2.732329607,0,5971,1,39.50699615,26.79750061,2.734059811,0
-0.34756127,0.7230992317,2.720896482,0,5971,1,39.57594299,26.80500031,2.802598238,0
-0.3415206969,0.7180618048,2.709404707,0,5971,1,39.64488983,26.8125,2.871136665,0
-0.3354371786,0.7130025029,2.69785428,0,5971,1,39.71383667,26.81999969,2.939675331,0
-0.329310745,0.7079214454,2.686245203,0,5971,1,39.78278351,26.82749939,3.008213758,0
-0.3231413364,0.7028185129,2.674577475,0,5971,1,39.85173035,26.83499908,3.076752186,0
-0.317684114,0.6968840957,2.66318202,0,1571,1,39.920681,26.84250069,3.145290852,0
-0.3122003973,0.6909068823,2.651694536,0,1571,1,39.98962784,26.85000038,3.213829279,0
-0.3066881597,0.6848891973,2.640115738,0,1571,1,40.05857468,26.85750008,3.282367706,0
-0.3011474013,0.6788311005,2.628445387,0,1571,1,40.12752151,26.86499977,3.350906372,0
-0.2955781519,0.6727325916,2.616683722,0,1571,1,40.19647217,26.87249947,3.419444799,0
-0.2899803817,0.6665936708,2.60483098,0,1571,1,40.26541901,26.87999916,3.487983227,0
-0.2843539119,0.6604147553,2.592887878,0,1571,1,40.33436584,26.88750076,3.556521893,0
-0.2786991298,0.6541949511,2.58085227,0,1571,1,40.40331268,26.89500046,3.62506032,0
-0.2730363607,0.6479266286,2.56874752,0,5991,1,40.47225952,26.90250015,3.693598747,0
-0.2684237361,0.6411833763,2.557693958,0,5991,1,40.54121017,26.90999985,3.762137175,0
-0.2636687458,0.6344636679,2.546764135,0,3792,1,40.61015701,26.91749954,3.83067584,0
-0.2585743368,0.6279262304,2.536439657,0,3792,1,40.67910385,26.92499924,3.899214268,0
-0.2534346282,0.6213938594,2.526217461,0,3792,1,40.74805069,26.93250084,3.967752695,0
-0.2482502162,0.6148656011,2.516093731,0,3792,1,40.81699753,26.94000053,4.036291122,0
-0.2430207729,0.6083418131,2.506070375,0,3792,1,40.88594818,26.94750023,4.104829788,0
-0.2377463132,0.6018225551,2.496147156,0,3792,1,40.95489502,26.95499992,4.173368454,0
-0.2324268669,0.5953079462,2.486324549,0,3792,1,41.02384186,26.96249962,4.241906643,0
-0.2271025777,0.588804543,2.476673126,0,8175,1,41.0927887,26.96999931,4.310445309,0
-0.2227041572,0.5824504495,2.468781471,0,8175,1,41.16173935,26.97750092,4.378983974,0
-0.2182830274,0.5760676265,2.46091795,0,8175,1,41.23068619,26.98500061,4.447522163,0
-0.2138388306,0.5696564913,2.453083754,0,8175,1,41.29963303,26.99250031,4.516060829,0
-0.2093715668,0.5632171035,2.445279121,0,8175,1,41.36857986,27,4.584599495,0
-0.2048812807,0.5567494631,2.437504053,0,8175,1,41.4375267,27.00749969,4.653137684,0
-0.2003679127,0.5502535105,2.429758549,0,8175,1,41.50647736,27.01499939,4.72167635,0
-0.1958314925,0.5437292457,2.422042608,0,8175,1,41.57542419,27.02249908,4.790215015,0
-0.1912716776,0.5371772647,2.414357901,0,8175,1,41.64437103,27.03000069,4.858753204,0
-0.1867516935,0.5306290984,2.40682888,0,3812,1,41.71331787,27.03750038,4.92729187,0
-0.1831754446,0.5245386958,2.401259899,0,3812,1,41.78226471,27.04500008,4.995830536,0
-0.1795979887,0.5183973312,2.395673752,0,3812,1,41.85121536,27.05249977,5.064368725,0
-0.1760192961,0.5122049451,2.3900702,0,3812,1,41.9201622,27.05999947,5.132907391,0
-0.1724393815,0.5059615374,2.384449244,0,3812,1,41.98910904,27.06749916,5.201446056,0
-0.1688579023,0.4996675849,2.378812551,0,3812,1,42.05805588,27.07500076,5.269984245,0
-0.1652755439,0.4933221638,2.373157024,0,3812,1,42.12700272,27.08250046,5.338522911,0
-0.1616919637,0.4869257808,2.367484093,0,3812,1,42.19595337,27.09000015,5.4070611,0
-0.1581071615,0.4804783762,2.361793995,0,3812,1,42.26490021,27.09749985,5.475599766,0
-0.1546251774,0.4740410447,2.356278658,0,8195,1,42.33384705,27.10499954,5.544138432,0
-0.1523004174,0.4682304561,2.35285902,0,8195,1,42.40279388,27.11249924,5.61267662,0
-0.1499864459,0.4623713791,2.349392653,0,8195,1,42.47174072,27.12000084,5.681215286,0
-0.1476839632,0.4564630985,2.345876217,0,8195,1,42.54069138,27.12750053,5.749753952,0
-0.1453926563,0.4505060315,2.342311382,0,8195,1,42.60963821,27.13500023,5.818292141,0
-0.1431124657,0.4445000887,2.33869791,0,8195,1,42.67858505,27.14249992,5.886830807,0
-0.1408434361,0.4384452999,2.335036039,0,8195,1,42.74753189,27.14999962,5.955369473,0
-0.1385855526,0.4323417842,2.331326008,0,8195,1,42.81647873,27.15749931,6.023907661,0
-0.1363384426,0.4261897206,2.327569008,0,8195,1,42.88542938,27.16500092,6.092446327,0
-0.1342510879,0.4200662374,2.323991299,0,3832,1,42.95437622,27.17250061,6.160984993,0
-0.1334543228,0.4145683348,2.322332859,0,3832,1,43.02332306,27.18000031,6.229523182,0
-0.1326753497,0.4090312421,2.320612431,0,3832,1,43.0922699,27.1875,6.298061848,0
-0.1319141835,0.403455019,2.31883049,0,3832,1,43.16122055,27.19499969,6.366600513,0
-0.1311708093,0.397839725,2.316986799,0,3832,1,43.23016739,27.20249939,6.435138702,0
-0.130445227,0.392185241,2.315081596,0,3832,1,43.29911423,27.20999908,6.503677368,0
-0.129737094,0.3864919245,2.313116074,0,3832,1,43.36806107,27.21750069,6.572216034,0
-0.1290471107,0.3807592094,2.31108737,0,3832,1,43.4370079,27.22500038,6.640754223,0
-0.1283749193,0.3749872744,2.308996916,0,3832,1,43.50595856,27.23250008,6.709292889,0
-0.1278678775,0.3692741692,2.307086945,0,8215,1,43.5749054,27.23999977,6.777831554,0
-0.1284101158,0.3642014861,2.306802034,0,8215,1,43.64385223,27.24749947,6.846369743,0
-0.1289786249,0.3590845168,2.306454659,0,8215,1,43.71279907,27.25499916,6.914908409,0
-0.129573077,0.3539235592,2.306045771,0,8215,1,43.78174973,27.26250076,6.983447075,0
-0.1301940978,0.3487181067,2.30557251,0,8215,1,43.85069656,27.27000046,7.051985264,0
-0.1308413744,0.3434683681,2.305036306,0,8215,1,43.9196434,27.27750015,7.12052393,0
-0.1315149218,0.3381743431,2.304437399,0,8215,1,43.98859024,27.28499985,7.189062595,0
-0.1322147101,0.3328361213,2.303775549,0,8215,1,44.05753708,27.29249954,7.257600784,0
-0.1329407543,0.3274535835,2.303050995,0,8215,1,44.12648392,27.29999924,7.32613945,0
-0.1337600648,0.3221539557,2.302474499,0,3852,1,44.19543457,27.30750084,7.394677639,0
-0.134999916,0.3175459504,2.303052902,0,3852,1,44.26438141,27.31500053,7.463216305,0
-0.1362704635,0.3128912449,2.303569078,0,3852,1,44.33332825,27.32250023,7.531754971,0
-0.1375716627,0.3081898391,2.304023266,0,3852,1,44.40227509,27.32999992,7.600293159,0
-0.1389035881,0.3034417033,2.304414988,0,3852,1,44.47122192,27.33749962,7.668831825,0
-0.14026618,0.2986468673,2.30474472,0,3852,1,44.54017258,27.34499931,7.737370491,0
-0.1416591704,0.2938055396,2.305013895,0,3852,1,44.60911942,27.35250092,7.80590868,0
-0.1430831403,0.2889172733,2.305219173,0,3852,1,44.67806625,27.36000061,7.874447346,0
-0.1445378065,0.2839822769,2.305362225,0,3852,1,44.74701309,27.36750031,7.942986012,0
-0.1460305005,0.2791419327,2.305603743,0,8235,1,44.81596375,27.375,8.0115242,0
-0.1475879848,0.2749602199,2.30657506,0,8235,1,44.88491058,27.38249969,8.080062866,0
-0.1491721869,0.2707424164,2.307482004,0,8235,1,44.95385742,27.38999939,8.148601532,0
-0.1507830918,0.2664885521,2.308324575,0,8235,1,45.02280426,27.39749908,8.217140198,0
-0.1524204463,0.262198776,2.309103966,0,8235,1,45.09175491,27.40500069,8.285678864,0
-0.1540847272,0.2578728199,2.309817553,0,8235,1,45.16070175,27.41250038,8.354216576,0
-0.1557757556,0.2535106838,2.310466528,0,8235,1,45.22964859,27.42000008,8.422755241,0
-0.1574935019,0.2491124868,2.31105113,0,8235,1,45.29859543,27.42749977,8.491293907,0
-0.1592379361,0.2446781993,2.31157136,0,8235,1,45.36754227,27.43499947,8.559832573,0
-0.1610714346,0.2403057665,2.312227011,0,3872,1,45.43648911,27.44249916,8.628371239,0
-0.1631966531,0.2363198698,2.313678503,0,3872,1,45.50543976,27.45000076,8.696908951,0
-0.1653466672,0.2323037982,2.315069199,0,3872,1,45.5743866,27.45750046,8.765447617,0
-0.1675211936,0.2282577902,2.316400528,0,3872,1,45.64333344,27.46500015,8.833986282,0
-0.1695017815,0.2244347036,2.318576813,0,6072,1,45.71228027,27.47249985,8.902524948,0
-0.1714076698,0.220718503,2.321169853,0,6072,1,45.78123093,27.47999954,8.971063614,0
-0.1733423322,0.2169936299,2.323763847,0,6072,1,45.85017776,27.48749924,9.03960228,0
-0.1753053963,0.2132604122,2.326360464,0,6072,1,45.9191246,27.49500084,9.108139992,0
-0.1772975773,0.209518224,2.328956127,0,6072,1,45.98807144,27.50250053,9.176678658,0
-0.1793999821,0.2058253288,2.331754208,0,1672,1,46.05701828,27.51000023,9.245217323,0
-0.1818320453,0.2023382038,2.335300446,0,1672,1,46.12596893,27.51749992,9.313755989,0
-0.1842860281,0.1988381594,2.338837385,0,1672,1,46.19491577,27.52499962,9.382294655,0
-0.1867619455,0.1953252107,2.342365026,0,1672,1,46.26386261,27.53249931,9.450833321,0
-0.1892594546,0.1917996407,2.345885277,0,1672,1,46.33280945,27.54000092,9.519371033,0
-0.1917792261,0.1882608682,2.349394321,0,1672,1,46.40175629,27.54750061,9.587909698,0
-0.194320932,0.1847091913,2.352894068,0,1672,1,46.47070694,27.55500031,9.656448364,0
-0.1968845576,0.1811445951,2.356384516,0,1672,1,46.53965378,27.5625,9.72498703,0
-0.1994701177,0.1775670797,2.359865427,0,1672,1,46.60860062,27.56999969,9.793525696,0
-0.2020383775,0.1740709245,2.363473177,0,6092,1,46.67754745,27.57749939,9.862064362,0
-0.2045024484,0.1708665937,2.367521524,0,6092,1,46.74649429,27.58499908,9.930602074,0
-0.2069942504,0.1676381081,2.371563911,0,6092,1,46.81544495,27.59250069,9.999140739,0
-0.2095142305,0.1643850952,2.375597,0,6092,1,46.88439178,27.60000038,10.06767941,0
-0.2120621353,0.1611077785,2.379622459,0,6092,1,46.95333862,27.60750008,10.13621807,0
-0.214637965,0.1578061581,2.383640289,0,6092,1,47.02228546,27.61499977,10.20475674,0
-0.2172417194,0.1544802338,2.38765049,0,6092,1,47.09123611,27.62249947,10.2732954,0
-0.2198733389,0.1511300653,2.391653061,0,6092,1,47.16018295,27.62999916,10.34183311,0
-0.2225327045,0.1477557272,2.395649433,0,6092,1,47.22912979,27.63750076,10.41037178,0
-0.2250777781,0.1445034593,2.399719238,0,1692,1,47.29807663,27.64500046,10.47891045,0
-0.2272339165,0.1416577995,2.404025555,0,1692,1,47.36702347,27.65250015,10.54744911,0
-0.2294203192,0.1387886107,2.408326387,0,1692,1,47.43597412,27.65999985,10.61598778,0
-0.2316369563,0.135895893,2.412621737,0,1692,1,47.50492096,27.66749954,10.68452549,0
-0.2338839024,0.1329795867,2.416911602,0,1692,1,47.5738678,27.67499924,10.75306416,0
-0.2361609042,0.1300399005,2.421197653,0,1692,1,47.64281464,27.68250084,10.82160282,0
-0.2384683788,0.1270764619,2.425476313,0,1692,1,47.71176147,27.69000053,10.89014149,0
-0.2408061326,0.1240894869,2.429749727,0,1692,1,47.78071213,27.69750023,10.95868015,0
-0.2431741506,0.1210789531,2.434017658,0,1692,1,47.84965897,27.70499992,11.02721882,0
-0.2454471886,0.1181683391,2.438357115,0,6112,1,47.9186058,27.71249962,11.09575653,0
-0.2474152297,0.1155648604,2.442888737,0,6112,1,47.98755264,27.71999931,11.1642952,0
-0.2494048476,0.1129467413,2.447407961,0,6112,1,48.05649948,27.72750092,11.23283386,0
-0.2514164448,0.1103136539,2.451911688,0,6112,1,48.12545013,27.73500061,11.30137253,0
-0.2534498274,0.1076657623,2.456401348,0,6112,1,48.19439697,27.74250031,11.36991119,0
-0.2555049658,0.1050030589,2.460876942,0,6112,1,48.26334381,27.75,11.43844986,0
-0.2575818896,0.1023255959,2.465338707,0,6112,1,48.33229065,27.75749969,11.50698757,0
-0.259680599,0.09963327646,2.469786406,0,6112,1,48.40123749,27.76499939,11.57552624,0
-0.2618010938,0.09692615271,2.474220037,0,6112,1,48.47018814,27.77249908,11.6440649,0
-0.2638697624,0.09427434951,2.478767633,0,1712,1,48.53913498,27.78000069,11.71260357,0
-0.2657816112,0.09177548438,2.483597994,0,1712,1,48.60808182,27.78750038,11.78114223,0
-0.2677084208,0.08926433325,2.488411665,0,1712,1,48.67702866,27.79500008,11.8496809,0
-0.2696501911,0.08674094081,2.493208647,0,1712,1,48.74597549,27.80249977,11.91821861,0
-0.2716070116,0.08420521766,2.497989178,0,1712,1,48.81492615,27.80999947,11.98675728,0
-0.2735788226,0.08165721595,2.502753258,0,1712,1,48.88387299,27.81749916,12.05529594,0
-0.2755654752,0.0790970698,2.507502317,0,1712,1,48.95281982,27.82500076,12.12383461,0
-0.2775672674,0.07652449608,2.512233019,0,1712,1,49.02176666,27.83250046,12.19237328,0
-0.27958408,0.07393963635,2.516947269,0,1712,1,49.09071732,27.84000015,12.26091194,0
-0.281558305,0.0714231953,2.521727324,0,6132,1,49.15966415,27.84749985,12.32944965,0
-0.2834231555,0.06906869262,2.526667356,0,6132,1,49.22861099,27.85499954,12.39798832,0
-0.2853020728,0.06670306623,2.531589985,0,6132,1,49.29755783,27.86249924,12.46652699,0
-0.2871948481,0.06432643533,2.536497116,0,6132,1,49.36650467,27.87000084,12.53506565,0
-0.2891018391,0.06193853915,2.541385174,0,6132,1,49.43545532,27.87750053,12.60360432,0
-0.291022867,0.05953951553,2.546255827,0,6132,1,49.50440216,27.88500023,12.67214298,0
-0.2929579318,0.05712939799,2.551109552,0,6132,1,49.573349,27.89249992,12.74068069,0
-0.2949070334,0.05470811203,2.555945635,0,6132,1,49.64229584,27.89999962,12.80921936,0
-0.2968702018,0.05227569491,2.560764551,0,6132,1,49.71124268,27.90749931,12.87775803,0
-0.298784554,0.04992520064,2.5657022,0,1732,1,49.78019333,27.91500092,12.94629669,0
-0.3005910218,0.04774538428,2.570883989,0,1732,1,49.84914017,27.92250061,13.01483536,0
-0.3024123311,0.04555489123,2.576049328,0,1732,1,49.91808701,27.93000031,13.08337307,0
-0.3042486012,0.04335364699,2.581197739,0,1732,1,49.98703384,27.9375,13.15191174,0
-0.3060997427,0.04114169255,2.586329699,0,1732,1,50.05598068,27.94499969,13.2204504,0
-0.3079657853,0.03891902044,2.591444969,0,1732,1,50.12493134,27.95249939,13.28898907,0
-0.309846729,0.03668563813,2.59654355,0,1732,1,50.19387817,27.95999908,13.35752773,0
-0.311742425,0.03444164991,2.601626873,0,1732,1,50.26282501,27.96750069,13.4260664,0
-0.3136531413,0.03218687698,2.606692314,0,1732,1,50.33177185,27.97500038,13.49460411,0
-0.3154572845,0.03003595583,2.611832142,0,6152,1,50.40071869,27.98250008,13.56314278,0
-0.3170605004,0.02807831205,2.617119312,0,6152,1,50.46966934,27.98999977,13.63168144,0
-0.3186793327,0.02610972896,2.622391701,0,6152,1,50.53861618,27.99749947,13.70022011,0
-0.3203137815,0.02413020656,2.627649546,0,6152,1,50.60756302,28.00499916,13.76875877,0
-0.3219637871,0.02213984728,2.632894278,0,6152,1,50.67650986,28.01250076,13.83729744,0
-0.3236141801,0.02014535852,2.638145685,0,3953,1,50.7454567,28.02000046,13.90583515,0
-0.3250104189,0.01826393977,2.643807888,0,3953,1,50.81440735,28.02750015,13.97437382,0
-0.3264267147,0.01637559757,2.64948988,0,3953,1,50.88335419,28.03499985,14.04291248,0
-0.3278630972,0.01448032912,2.65519166,0,3953,1,50.95230103,28.04249954,14.11145115,0
-0.3291122317,0.01271941233,2.660996199,0,8336,1,51.02124786,28.04999924,14.17998981,0
-0.3300461173,0.01117710862,2.666953802,0,8336,1,51.09019852,28.05750084,14.24852848,0
-0.3310003579,0.009623385035,2.672926426,0,8336,1,51.15914536,28.06500053,14.31706619,0
-0.3319748342,0.008058314212,2.678915262,0,8336,1,51.22809219,28.07250023,14.38560486,0
-0.3329694867,0.00648192456,2.684920549,0,8336,1,51.29703903,28.07999992,14.45414352,0
-0.3339843452,0.004894216545,2.690942526,0,8336,1,51.36598587,28.08749962,14.52268219,0
-0.3350193799,0.003295189934,2.696980715,0,8336,1,51.43493652,28.09499931,14.59122086,0
-0.3360744417,0.001684965449,2.703037262,0,8336,1,51.50388336,28.10250092,14.65975952,0
-0.3371498287,6.332980411e-05,2.709108353,0,8336,1,51.5728302,28.11000061,14.72829723,0
-0.3380054235,-0.001410217606,2.715273142,0,3973,1,51.64177704,28.11750031,14.7968359,0
-0.3385244906,-0.002663283609,2.721566677,0,3973,1,51.71072388,28.125,14.86537457,0
-0.3390616477,-0.00393362483,2.727874279,0,3973,1,51.77967453,28.13249969,14.93391323,0
-0.3396168947,-0.005221241619,2.734195948,0,3973,1,51.84862137,28.13999939,15.0024519,0
-0.340190202,-0.006526109297,2.740531921,0,3973,1,51.91756821,28.14749908,15.07098961,0
-0.3407814801,-0.007848170586,2.746883392,0,3973,1,51.98651505,28.15500069,15.13952827,0
-0.3413909972,-0.009187614545,2.753247499,0,3973,1,52.05546188,28.16250038,15.20806694,0
-0.3420185745,-0.01054433454,2.759625435,0,3973,1,52.12441254,28.17000008,15.27660561,0
-0.3426642716,-0.01191833057,2.766017675,0,3973,1,52.19335938,28.17749977,15.34514427,0
-0.343121767,-0.01320976578,2.772540331,0,8356,1,52.26230621,28.18499947,15.41368294,0
-0.3433140814,-0.01438355912,2.779230356,0,8356,1,52.33125305,28.19249916,15.48222065,0
-0.3435195088,-0.01557532325,2.785928726,0,8356,1,52.40019989,28.20000076,15.55075932,0
-0.3437383175,-0.0167852249,2.792632341,0,8356,1,52.46915054,28.20750046,15.61929798,0
-0.3439703882,-0.01801316626,2.799342632,0,8356,1,52.53809738,28.21500015,15.68783665,0
-0.3442156911,-0.01925915107,2.806059837,0,8356,1,52.60704422,28.22249985,15.75637531,0
-0.3444742262,-0.0205231756,2.812783957,0,8356,1,52.67599106,28.22999954,15.82491398,0
-0.3447460234,-0.02180521935,2.819514751,0,8356,1,52.7449379,28.23749924,15.89345169,0
-0.3450309336,-0.02310524881,2.826254368,0,8356,1,52.81388855,28.24500084,15.96199036,0
-0.3451687396,-0.02433638461,2.833149672,0,3993,1,52.88283539,28.25250053,16.03052902,0
-0.3451182842,-0.02547692321,2.840235949,0,3993,1,52.95178223,28.26000023,16.09906769,0
-0.3450787961,-0.02663508616,2.847323895,0,3993,1,53.02072906,28.26749992,16.16760635,0
-0.3450502455,-0.02781086974,2.854413509,0,3993,1,53.08967972,28.27499962,16.23614502,0
-0.3450326622,-0.02900427766,2.861504316,0,3993,1,53.15862656,28.28249931,16.30468369,0
-0.345025897,-0.03021524101,2.8685987,0,3993,1,53.22757339,28.29000092,16.37322235,0
-0.3450302184,-0.03144389763,2.875692844,0,3993,1,53.29652023,28.29750061,16.44176102,0
-0.3450454772,-0.0326901339,2.88278842,0,3993,1,53.36546707,28.30500031,16.51029778,0
-0.3450716734,-0.03395403549,2.889885664,0,3993,1,53.43441391,28.3125,16.57883644,0
-0.3449690938,-0.03513066098,2.897125721,0,8376,1,53.50336456,28.31999969,16.64737511,0
-0.3447189033,-0.03620427474,2.904526472,0,8376,1,53.5723114,28.32749939,16.71591377,0
-0.3444812894,-0.03729458526,2.911926031,0,8376,1,53.64125824,28.33499908,16.78445244,0
-0.3442561924,-0.03840153664,2.919326067,0,8376,1,53.71020508,28.34250069,16.8529911,0
-0.3440438211,-0.03952523693,2.926723003,0,8376,1,53.77915573,28.35000038,16.92152977,0
-0.3438440561,-0.04066562653,2.934118509,0,8376,1,53.84810257,28.35750008,16.99006844,0
-0.3436568975,-0.04182271287,2.941512823,0,8376,1,53.91704941,28.36499977,17.0586071,0
-0.3434823453,-0.04299649224,2.948905945,0,8376,1,53.98599625,28.37249947,17.12714577,0
-0.3433203995,-0.04418696463,2.956297874,0,8376,1,54.0549469,28.37999916,17.19568443,0
-0.3430249393,-0.0452991277,2.963838816,0,4013,1,54.12388992,28.38750076,17.26422119,0
-0.3425908685,-0.04632889479,2.971530437,0,4013,1,54.19284058,28.39500046,17.33275986,0
-0.3421722353,-0.04737614468,2.979217768,0,4013,1,54.26178741,28.40250015,17.40129852,0
-0.3417690992,-0.04844087362,2.986900568,0,4013,1,54.33073425,28.40999985,17.46983719,0
-0.3413814008,-0.04952308536,2.994578838,0,4013,1,54.39968109,28.41749954,17.53837585,0
-0.3410091698,-0.05062277615,3.00225234,0,4013,1,54.46863174,28.42499924,17.60691452,0
-0.3406523466,-0.05173992738,3.009923458,0,4013,1,54.53757858,28.43250084,17.67545319,0
-0.3403110504,-0.05287458375,3.017588139,0,4013,1,54.60652542,28.44000053,17.74399185,0
-0.3399851918,-0.05402672291,3.025248289,0,4013,1,54.67547226,28.44750023,17.81253052,0
-0.3394927979,-0.05506837741,3.032978773,0,8396,1,54.74442291,28.45499992,17.88106918,0
-0.3388407826,-0.05600400642,3.040774107,0,8396,1,54.81336975,28.46249962,17.94960785,0
-0.3382051289,-0.05695718899,3.048561096,0,8396,1,54.88231659,28.46999931,18.01814651,0
-0.337585777,-0.05792789161,3.056341171,0,8396,1,54.95126343,28.47750092,18.08668327,0
-0.3369461,-0.05907092616,3.062197447,0,1813,1,55.02021027,28.48500061,18.15522194,0
-0.3363090158,-0.0602837652,3.067255497,0,1813,1,55.0891571,28.49250031,18.2237606,0
-0.3356899619,-0.06150015071,3.072310686,0,1813,1,55.15810776,28.5,18.29229927,0
-0.3350889981,-0.06272009015,3.077362537,0,1813,1,55.2270546,28.50749969,18.36083794,0
-0.3345060647,-0.06394357979,3.082411528,0,1813,1,55.29600143,28.51499939,18.4293766,0
-0.3337393701,-0.06502405554,3.087535858,0,6233,1,55.36494827,28.52249908,18.49791527,0
-0.3328128755,-0.06597855687,3.092725515,0,6233,1,55.43389893,28.53000069,18.56645393,0
-0.3319047093,-0.06693616509,3.09790802,0,6233,1,55.50284576,28.53750038,18.6349926,0
-0.331014812,-0.06789693981,3.103084564,0,6233,1,55.5717926,28.54500008,18.70353127,0
-0.3301431835,-0.06886088103,3.108255148,0,6233,1,55.64073944,28.55249977,18.77206993,0
-0.3292898238,-0.06982798129,3.113419771,0,6233,1,55.70969009,28.55999947,18.8406086,0
-0.3284547925,-0.0707982257,3.118578434,0,6233,1,55.77863312,28.56749916,18.90914536,0
-0.3276379406,-0.07177171111,3.12373209,0,6233,1,55.84758377,28.57500076,18.97768402,0
-0.3268394172,-0.07274830341,3.128878593,0,6233,1,55.91653061,28.58250046,19.04622269,0
-0.3258869648,-0.07355345041,3.134041071,0,1833,1,55.98547745,28.59000015,19.11476135,0
-0.3248113692,-0.0742187947,3.1392138,0,1833,1,56.05442429,28.59749985,19.18330002,0
-0.3237515092,-0.07488541305,3.144378901,0,1833,1,56.12337494,28.60499954,19.25183868,0
-0.3227074742,-0.0755532831,3.149536133,0,1833,1,56.19232178,28.61249924,19.32037735,0
-0.3216791749,-0.07622247189,3.154686689,0,1833,1,56.26126862,28.62000084,19.38891602,0
-0.3206667304,-0.07689286768,3.159828424,0,1833,1,56.33021927,28.62750053,19.45745468,0
-0.3196700513,-0.07756453007,3.16496253,0,1833,1,56.39916611,28.63500023,19.52599335,0
-0.3186891675,-0.07823745161,3.170089006,0,1833,1,56.46811295,28.64249992,19.59453201,0
-0.3177240789,-0.07891162485,3.175207615,0,1833,1,56.53705978,28.64999962,19.66306877,0
-0.3166414797,-0.07945878059,3.180352688,0,6253,1,56.60600662,28.65749931,19.73160744,0
-0.3154729307,-0.07990840822,3.185514688,0,6253,1,56.67495346,28.66500092,19.8001461,0
-0.314316988,-0.08035489172,3.190665483,0,6253,1,56.74390411,28.67250061,19.86868477,0
-0.3131735623,-0.08079827577,3.195806265,0,6253,1,56.81285095,28.68000031,19.93722343,0
-0.3120427132,-0.08123856038,3.200937033,0,6253,1,56.88179779,28.6875,20.0057621,0
-0.3109244108,-0.08167574555,3.206057549,0,6253,1,56.95074463,28.69499969,20.07430077,0
-0.3098186255,-0.08210984617,3.211168051,0,6253,1,57.01969528,28.70249939,20.14283943,0
-0.3087254167,-0.08254083991,3.216268301,0,6253,1,57.08864212,28.70999908,20.2113781,0
-0.3076447248,-0.08296879381,3.22135973,0,6253,1,57.15758896,28.71750069,20.27991676,0
-0.3064646423,-0.08323990554,3.226370335,0,1853,1,57.2265358,28.72500038,20.34845543,0
-0.3052194118,-0.08340056986,3.231322527,0,1853,1,57.29548645,28.73250008,20.41699409,0
-0.3039850295,-0.08355491608,3.236263275,0,1853,1,57.36442947,28.73999977,20.48553085,0
-0.3027614653,-0.08370292187,3.241192341,0,1853,1,57.43338013,28.74749947,20.55406952,0
-0.3015487194,-0.08384460211,3.246109724,0,1853,1,57.50232697,28.75499916,20.62260818,0
-0.3003468215,-0.08398000151,3.251016617,0,1853,1,57.5712738,28.76250076,20.69114685,0
-0.2991557419,-0.08410902321,3.255910873,0,1853,1,57.64022064,28.77000046,20.75968552,0
-0.2979755104,-0.08423171192,3.260793686,0,1853,1,57.7091713,28.77750015,20.82822418,0
-0.296806097,-0.08434807509,3.265665054,0,1853,1,57.77811813,28.78499985,20.89676285,0
-0.2955597341,-0.08434760571,3.270444155,0,6273,1,57.84706497,28.79249954,20.96530151,0
-0.2942690253,-0.08427195251,3.275159359,0,6273,1,57.91601181,28.79999924,21.03384018,0
-0.292988658,-0.08419014513,3.279861689,0,6273,1,57.98496246,28.80750084,21.10237885,0
-0.2917186022,-0.08410210907,3.284548998,0,6273,1,58.0539093,28.81500053,21.17091751,0
-0.2904589176,-0.08400788158,3.289222717,0,6273,1,58.12285614,28.82250023,21.23945618,0
-0.2892096043,-0.08390747011,3.293882132,0,6273,1,58.19180298,28.82999992,21.30799294,0
-0.2879706025,-0.08380085975,3.298527956,0,6273,1,58.26074982,28.83749962,21.3765316,0
-0.2867419124,-0.08368805796,3.303159714,0,6273,1,58.32969666,28.84499931,21.44507027,0
-0.2855235934,-0.08356910199,3.307778358,0,6273,1,58.39864731,28.85250092,21.51360893,0
-0.2842597961,-0.0833286196,3.312282562,0,1873,1,58.46759415,28.86000061,21.5821476,0
-0.2829730511,-0.08301861584,3.316714287,0,1873,1,58.53654099,28.86750031,21.65068626,0
-0.2816948593,-0.08270536363,3.321130276,0,1873,1,58.60548782,28.875,21.71922493,0
-0.2804252505,-0.08238887042,3.325530767,0,1873,1,58.67443848,28.88249969,21.7877636,0
-0.2791641653,-0.08206912875,3.329915524,0,1873,1,58.74338531,28.88999939,21.85630226,0
-0.2779116929,-0.08174614608,3.334284782,0,1873,1,58.81233215,28.89749908,21.92484093,0
-0.2766677737,-0.08141995221,3.338639259,0,1873,1,58.88127899,28.90500069,21.99337959,0
-0.2754324377,-0.08109048754,3.342977047,0,1873,1,58.95022583,28.91250038,22.06191635,0
-0.2742056251,-0.08075776696,3.347299337,0,1873,1,59.01917267,28.92000008,22.13045502,0
-0.2729711831,-0.08034332842,3.351584673,0,6293,1,59.08812332,28.92749977,22.19899368,0
-0.271732986,-0.07988698781,3.355841875,0,6293,1,59.15707016,28.93499947,22.26753235,0
-0.2705147266,-0.07940003276,3.35956502,0,4094,1,59.226017,28.94249916,22.33607101,0
-0.269328326,-0.07885864377,3.362354994,0,4094,1,59.29496384,28.95000076,22.40460968,0
-0.2681445479,-0.07831516117,3.365130663,0,4094,1,59.36391449,28.95750046,22.47314835,0
-0.2669634819,-0.0777695924,3.367892265,0,4094,1,59.43286133,28.96500015,22.54168701,0
-0.2657850683,-0.07722194493,3.370640278,0,4094,1,59.50180817,28.97249985,22.61022568,0
-0.2646093667,-0.07667221129,3.373374224,0,4094,1,59.570755,28.97999954,22.67876434,0
-0.2634363174,-0.07612039894,3.37609458,0,4094,1,59.63970566,28.98749924,22.74730301,0
-0.2622800767,-0.07556200027,3.37879014,0,8477,1,59.7086525,28.99500084,22.81584167,0
-0.2611281276,-0.07499806583,3.381463289,0,8477,1,59.77759933,29.00250053,22.88437843,0
-0.2599729002,-0.07443042099,3.384119749,0,8477,1,59.84654617,29.01000023,22.9529171,0
-0.2588144243,-0.07385908812,3.38675952,0,8477,1,59.91549301,29.01749992,23.02145576,0
-0.2576526999,-0.07328407466,3.389382362,0,8477,1,59.98443985,29.02499962,23.08999443,0
-0.2564877272,-0.07270536572,3.391988516,0,8477,1,60.0533905,29.03249931,23.1585331,0
-0.2553195357,-0.07212296873,3.394578457,0,8477,1,60.12233734,29.04000092,23.22707176,0
-0.254148066,-0.07153688371,3.397150993,0,8477,1,60.19128418,29.04750061,23.29561043,0
-0.2529733479,-0.07094711065,3.399706841,0,8477,1,60.26023102,29.05500031,23.36414909,0
-0.2518116832,-0.07047285885,3.402128935,0,4114,1,60.32918167,29.0625,23.43268776,0
-0.2506493926,-0.07004228234,3.404484272,0,4114,1,60.39812851,29.06999969,23.50122643,0
-0.2494787872,-0.0696040988,3.406822443,0,4114,1,60.46707535,29.07749939,23.56976509,0
-0.2482998818,-0.06915833056,3.409143448,0,4114,1,60.53602219,29.08499908,23.63830185,0
-0.2471126318,-0.06870494038,3.411447763,0,4114,1,60.60496902,29.09250069,23.70684052,0
-0.2459170222,-0.06824394315,3.413734198,0,4114,1,60.67391586,29.10000038,23.77537918,0
-0.2447130829,-0.06777534634,3.416003704,0,4114,1,60.74286652,29.10750008,23.84391785,0
-0.2435008138,-0.06729913503,3.418255806,0,4114,1,60.81181335,29.11499977,23.91245651,0
-0.2422802001,-0.06681532413,3.420490742,0,4114,1,60.88076019,29.12249947,23.98099518,0
-0.2410732508,-0.06653701514,3.422561407,0,8497,1,60.94970703,29.12999916,24.04953384,0
-0.2398658395,-0.06633295119,3.42456007,0,8497,1,61.01865768,29.13750076,24.11807251,0
-0.238649413,-0.06612139195,3.426542759,0,8497,1,61.08760452,29.14500046,24.18661118,0
-0.2374240011,-0.06590232253,3.428509951,0,8497,1,61.15655136,29.15250015,24.25514984,0
-0.2361895889,-0.06567575783,3.430461645,0,8497,1,61.2254982,29.15999985,24.32368851,0
-0.2349461913,-0.06544169039,3.432397842,0,8497,1,61.29444885,29.16749954,24.39222717,0
-0.2336938381,-0.06520012766,3.434318542,0,8497,1,61.36339188,29.17499924,24.46076393,0
-0.2324324697,-0.0649510473,3.436224222,0,8497,1,61.43234253,29.18250084,24.5293026,0
-0.2311620861,-0.06469447166,3.438113689,0,8497,1,61.50128937,29.19000053,24.59784126,0
-0.2298243046,-0.06463953853,3.439829826,0,4134,1,61.57023621,29.19750023,24.66637993,0
-0.2284567952,-0.06465121359,3.441475391,0,4134,1,61.63918304,29.20499992,24.73491859,0
-0.227079615,-0.06465776265,3.443104506,0,4134,1,61.7081337,29.21249962,24.80345726,0
-0.225692749,-0.06465919316,3.444717169,0,4134,1,61.77708054,29.21999931,24.87199593,0
-0.2242961973,-0.06465547532,3.446314096,0,4134,1,61.84602737,29.22750092,24.94053459,0
-0.2228899598,-0.06464666128,3.447893858,0,4134,1,61.91497421,29.23500061,25.00907326,0
-0.2214740366,-0.06463271379,3.449457407,0,4134,1,61.98392487,29.24250031,25.07761192,0
-0.2200484276,-0.06461364776,3.451004505,0,4134,1,62.0528717,29.25,25.14615059,0
-0.2186131328,-0.06458945572,3.452535152,0,4134,1,62.12181854,29.25749969,25.21468925,0
-0.2169144899,-0.06472666562,3.453748465,0,8517,1,62.19076538,29.26499939,25.28322601,0
-0.2151272744,-0.0649093017,3.454849958,0,8517,1,62.25971222,29.27249908,25.35176468,0
-0.2133293748,-0.06508608162,3.455932379,0,8517,1,62.32865906,29.28000069,25.42030334,0
-0.2115207911,-0.06525704265,3.456994534,0,8517,1,62.39760971,29.28750038,25.48884201,0
-0.2097015232,-0.06542216986,3.458037138,0,8517,1,62.46655655,29.29500008,25.55738068,0
-0.2078715712,-0.06558145583,3.459059954,0,8517,1,62.53550339,29.30249977,25.62591934,0
-0.206030935,-0.06573490798,3.460063219,0,8517,1,62.60445023,29.30999947,25.69445801,0
-0.2041796297,-0.06588252634,3.461046696,0,8517,1,62.67340088,29.31749916,25.76299667,0
-0.2023212016,-0.06601851434,3.461703777,0,1934,1,62.74234772,29.32500076,25.83153534,0
-0.200185135,-0.06623259187,3.461055279,0,6354,1,62.81129456,29.33250046,25.90007401,0
-0.1979714781,-0.06646447629,3.460312128,0,6354,1,62.88024139,29.34000015,25.96861267,0
-0.1957573742,-0.06668550521,3.459561825,0,6354,1,62.94918823,29.34749985,26.03714943,0
-0.1935427189,-0.06689571589,3.458804131,0,6354,1,63.01813507,29.35499954,26.1056881,0
-0.1913275421,-0.06709508598,3.458039045,0,6354,1,63.08708572,29.36249924,26.17422676,0
-0.1891118437,-0.06728357077,3.457266808,0,6354,1,63.15603256,29.37000084,26.24276543,0
-0.1868956536,-0.06746125966,3.45648694,0,6354,1,63.2249794,29.37750053,26.31130409,0
-0.1846789569,-0.06762810796,3.455699921,0,6354,1,63.29392624,29.38500023,26.37984276,0
-0.1824617535,-0.06778411567,3.45490551,0,6354,1,63.36287689,29.39249992,26.44838142,0
-0.180085972,-0.06792915612,3.453816652,0,1954,1,63.43182373,29.39999962,26.51692009,0
-0.177675873,-0.06806638092,3.452656507,0,1954,1,63.50077057,29.40749931,26.58545876,0
-0.1752692759,-0.06819609553,3.451493502,0,1954,1,63.56971741,29.41500092,26.65399742,0
-0.1728661805,-0.06831838936,3.450327635,0,1954,1,63.63866806,29.42250061,26.72253609,0
-0.1704665869,-0.06843322515,3.449159145,0,1954,1,63.7076149,29.43000031,26.79107475,0
-0.1680705696,-0.06854058802,3.447987556,0,1954,1,63.77656174,29.4375,26.85961151,0
-0.1656779647,-0.06864050031,3.446813345,0,1954,1,63.84550858,29.44499969,26.92815018,0
-0.1632888764,-0.06873294711,3.445636034,0,1954,1,63.91445541,29.45249939,26.99668884,0
-0.160903275,-0.06881792843,3.4444561,0,1954,1,63.98340225,29.45999908,27.06522751,0
-0.1584431529,-0.06881073862,3.443132639,0,6374,1,64.05235291,29.46750069,27.13376617,0
-0.1559721082,-0.0687815398,3.441776752,0,6374,1,64.12129974,29.47500038,27.20230484,0
-0.1535062939,-0.06874791533,3.440417767,0,6374,1,64.19024658,29.48250008,27.27084351,0
-0.1510457247,-0.06870988011,3.43905592,0,6374,1,64.25919342,29.48999977,27.33938217,0
-0.1485903859,-0.0686674118,3.437690496,0,6374,1,64.32814026,29.49749947,27.40792084,0
-0.1461402923,-0.06862053275,3.436322212,0,6374,1,64.3970871,29.50499916,27.4764595,0
-0.143695429,-0.0685691759,3.434950829,0,6374,1,64.46604156,29.51250076,27.54499817,0
-0.141255796,-0.06851344556,3.433576107,0,6374,1,64.5349884,29.52000046,27.61353683,0
-0.1388214827,-0.06845329702,3.432198524,0,6374,1,64.60393524,29.52750015,27.68207359,0
-0.1363754869,-0.06825861335,3.430741549,0,1974,1,64.67288208,29.53499985,27.75061226,0
-0.1339336336,-0.06803880632,3.429268837,0,1974,1,64.74182892,29.54249954,27.81915092,0
-0.1314990371,-0.06781686842,3.427793741,0,1974,1,64.81077576,29.54999924,27.88768959,0
-0.1290716827,-0.06759274006,3.426316261,0,1974,1,64.8797226,29.55750084,27.95622826,0
-0.1266515702,-0.06736653298,3.424836397,0,1974,1,64.94866943,29.56500053,28.02476692,0
-0.124238722,-0.06713819504,3.423354387,0,1974,1,65.01761627,29.57250023,28.09330559,0
-0.1218331084,-0.06690772623,3.421869755,0,1974,1,65.08656311,29.57999992,28.16184425,0
-0.1194347516,-0.06667512655,3.420382738,0,1974,1,65.15551758,29.58749962,28.23038292,0
-0.1170436367,-0.06644039601,3.418893337,0,1974,1,65.22446442,29.59499931,28.29892159,0
-0.1146473363,-0.06597921252,3.417399168,0,6394,1,65.29341125,29.60250092,28.36746025,0
-0.1122577563,-0.0654855147,3.415901899,0,6394,1,65.36235809,29.61000061,28.43599701,0
-0.1098766923,-0.06499233842,3.414402008,0,6394,1,65.43130493,29.61750031,28.50453568,0
-0.1075041965,-0.06449968368,3.412899733,0,6394,1,65.50025177,29.625,28.57307434,0
-0.1051402763,-0.06400755048,3.411394835,0,6394,1,65.56919861,29.63249969,28.64161301,0
-0.1027849391,-0.06351594627,3.409887314,0,6394,1,65.63814545,29.63999939,28.71015167,0
-0.1004381701,-0.06302487105,3.408377409,0,6394,1,65.70709229,29.64749908,28.77869034,0
-0.09809999913,-0.06253425777,3.406864882,0,6394,1,65.77603912,29.65500069,28.847229,0
-0.09577038884,-0.06204423308,3.40534997,0,6394,1,65.84499359,29.66250038,28.91576767,0
-0.09347408265,-0.06132306159,3.403855085,0,1994,1,65.91394043,29.67000008,28.98430634,0
-0.09118808806,-0.06057601422,3.402359247,0,1994,1,65.98288727,29.67749977,29.052845,0
-0.08890936524,-0.05983091891,3.400859594,0,1994,1,66.05183411,29.68499947,29.12138367,0
-0.08663791418,-0.05908777565,3.399355888,0,1994,1,66.12078094,29.69249916,29.18992233,0
-0.08437383175,-0.05834654346,3.397848368,0,1994,1,66.18972778,29.70000076,29.25845909,0
-0.08211759478,-0.05760718137,3.396197557,0,8578,1,66.25867462,29.70750046,29.32699776,0
-0.07987336814,-0.05687021092,3.393522739,0,8578,1,66.32762146,29.71500015,29.39553642,0
-0.07763623446,-0.05613761023,3.390849352,0,8578,1,66.3965683,29.72249985,29.46407509,0
-0.07540617138,-0.05540938303,3.388176918,0,8578,1,66.46551514,29.72999954,29.53261375,0
-0.0732582733,-0.05438905582,3.385684013,0,4215,1,66.5344696,29.73749924,29.60115242,0
-0.07112001628,-0.05334855616,3.38320756,0,4215,1,66.60341644,29.74500084,29.66969109,0
-0.06898408383,-0.05231599137,3.380731106,0,4215,1,66.67236328,29.75250053,29.73822975,0
-0.06685050577,-0.05129131302,3.378254652,0,4215,1,66.74131012,29.76000023,29.80676842,0
-0.06471928209,-0.05027451366,3.375778198,0,4215,1,66.81025696,29.76749992,29.87530708,0
-0.0625904128,-0.04926559702,3.373301506,0,4215,1,66.8792038,29.77499962,29.94384575,0
-0.06046396121,-0.04826458544,3.370824575,0,4215,1,66.94815063,29.78249931,30.01238251,0
-0.05833983421,-0.04727138579,3.368347645,0,4215,1,67.01709747,29.79000092,30.08092117,0
-0.05621802807,-0.04628611729,3.365870476,0,4215,1,67.08604431,29.79750061,30.14945984,0
-0.05412784591,-0.04534016922,3.363723278,0,8598,1,67.15499878,29.80500031,30.2179985,0
-0.05203707144,-0.04440245777,3.361596823,0,8598,1,67.22394562,29.8125,30.28653717,0
-0.04994355887,-0.04347080365,3.359468937,0,8598,1,67.29289246,29.81999969,30.35507584,0
-0.04784731567,-0.04254520312,3.357339144,0,8598,1,67.36183929,29.82749939,30.4236145,0
-0.04574833438,-0.04162565991,3.355207682,0,8598,1,67.43078613,29.83499908,30.49215317,0
-0.04364664853,-0.04071213305,3.353074551,0,8598,1,67.49973297,29.84250069,30.56069183,0
-0.04154220223,-0.03980470076,3.350939989,0,8598,1,67.56867981,29.85000038,30.6292305,0
-0.03943501785,-0.0389033258,3.348803759,0,8598,1,67.63762665,29.85750008,30.69776917,0
-0.03732510284,-0.03800800443,3.346666098,0,8598,1,67.70658112,29.86499977,30.76630783,0
-0.0353067629,-0.0370368883,3.344604731,0,6435,1,67.77552032,29.87249947,30.83484459,0
-0.03328267112,-0.0360714905,3.342542887,0,6435,1,67.84446716,29.87999916,30.90338326,0
-0.03124860488,-0.03511548042,3.340476513,0,6435,1,67.91342163,29.88750076,30.97192192,0
-0.02920451574,-0.03416892514,3.338406563,0,6435,1,67.98236847,29.89500046,31.04046059,0
-0.02715042979,-0.03323179483,3.336332083,0,6435,1,68.05131531,29.90250015,31.10899925,0
-0.02508634701,-0.03230408207,3.334253788,0,6435,1,68.12026215,29.90999985,31.17753792,0
-0.02301226556,-0.03138579056,3.332171202,0,6435,1,68.18920898,29.91749954,31.24607658,0
-0.02092818543,-0.03047691844,3.330084324,0,6435,1,68.25815582,29.92499924,31.31461525,0
-0.01883412525,-0.02957743965,3.327993393,0,6435,1,68.32710266,29.93250084,31.38315392,0
-0.01679781079,-0.02896681242,3.326584339,0,2035,1,68.39605713,29.94000053,31.45169258,0
-0.0147485761,-0.02837072685,3.325184584,0,2035,1,68.46500397,29.94750023,31.52023125,0
-0.01268491335,-0.02778315172,3.323779345,0,2035,1,68.53395081,29.95499992,31.58876991,0
-0.0106068803,-0.02720410191,3.322369099,0,2035,1,68.60289764,29.96249962,31.65730667,0
-0.008514361456,-0.02663355134,3.320953131,0,2035,1,68.67184448,29.96999931,31.72584534,0
-0.006407418754,-0.02607148886,3.319531918,0,2035,1,68.74079132,29.97750092,31.794384,0
-0.004286040552,-0.02551796287,3.318105459,0,2035,1,68.80973816,29.98500061,31.86292267,0
-0.002150234533,-0.02497294731,3.316673517,0,2035,1,68.878685,29.99250031,31.93146133,0
0,-0.02443644404,3.31523633,0,2035,1,68.94763184,30,32,0
